Card #,Hero,Variation,Treatment,Weapon,Notation,Power,Athlete Inspiration,Play Cost,Play Ability
BL-P1,Bojax,Founding Hero,PINK BLAST,HEX,,200,Bo Jackson,0,
BL-P2,A.I.,Allen Iverson Debut,PINK BLAST,HEX,,200,Allen Iverson,0,
BL-P3,Young-Gunner,Steve Young Debut,PINK BLAST,HEX,,200,Steve Young,0,
BL-P4,Leducky,Brandi Chastain Debut,PINK BLAST,HEX,,200,Katie Ledecky,0,
BL-P5,Boz,Brian Bosworth Debut,PINK BLAST,HEX,,195,Brian Bosworth,0,
BL-P6,Cruschman,Adley Rutshman Debut,PINK BLAST,HEX,,195,Adley Rutschman,0,
BL-P7,Allenwrench,Marcus Allen Debut,PINK BLAST,HEX,,195,Marcus Allen,0,
BL-P8,Star-Bach,Roger Staubach Debut,PINK BLAST,HEX,,190,Roger Staubach,0,
BL-P9,Grand-Ma-Ma,Larry Johnson Debut,PINK BLAST,HEX,,190,Larry Johnson,0,
BL-P10,Amon-Ra,Amon-Ra St. Brown Debut,PINK BLAST,HEX,,190,Amon-Ra St. Brown,0,
BL-P11,Waddler,Jaylen Waddle Debut,PINK BLAST,HEX,,185,Jaylen Waddle,0,
BL-P12,Donnie Baseball,Don Mattingly Debut,PINK BLAST,HEX,,185,Don Mattingly,0,
BL-P13,Boshpit,Chris Bosh Debut,PINK BLAST,HEX,,185,Chris Bosh,0,
BL-P14,Thurmanator,Thuman Thomas Debut,PINK BLAST,HEX,,180,Thurman Thomas,0,
BL-P15,Flutie,Doug Flutie Debut,PINK BLAST,HEX,,180,Doug Flutie,0,
BL-P16,Green-Machine,Jalen Green Debut,PINK BLAST,HEX,,180,Jalen Green,0,
BL-P17,KAT,Karl-Anthony Towns Debut,PINK BLAST,HEX,,180,Karl-Anthony Towns,0,
BL-P18,Mean-Joe,Joe Greene Debut,PINK BLAST,HEX,,180,Mean Joe Greene,0,
BL-P19,Chief,Robert Parish Debut,PINK BLAST,HEX,,180,Robert Parish,0,
BL-P20,Thrill,Will Clark Debut,PINK BLAST,HEX,,175,Will Clark,0,
BL-P21,Frostebite,Trae Young Debut,PINK BLAST,HEX,,175,Trae Young,0,
BL-P22,Blockhale,Kevin McHale Debut,PINK BLAST,HEX,,175,Kevin Mchale,0,
BL-P23,Timmy,Tim Brown Debut,PINK BLAST,HEX,,175,Tim Brown,0,
BL-P24,Palmer,Jim Palmer Debut,PINK BLAST,HEX,,175,Jim Palmer,0,
BL-P25,Thighs Man,Joe Theisman,PINK BLAST,HEX,,175,Joe Theismann,0,
BL-P26,Rodder,Rod Smith Debut,PINK BLAST,HEX,,170,Rod Smith,0,
BL-P27,Awesome Dawson,Andre Dawson Debut,PINK BLAST,HEX,,170,Andre Dawson,0,
BL-P28,Line-Art,Matt Leinart Debut,PINK BLAST,HEX,,170,Matt Leinart,0,
BL-P29,Swoopes,Sheryl Swoopes Debut,PINK BLAST,HEX,,170,Sheryl Swoopes,0,
BL-P30,Smoke,Dave Stewart Debut,PINK BLAST,HEX,,170,Dave Stewart,0,
BL-P31,Man of Steal,Vince Coleman Debut,PINK BLAST,HEX,,170,Vince Coleman,0,
BL-P32,Showtime,First Edition,PINK BLAST,HEX,,185,Shohei Ohtani,0,
BL-P33,Matata,First Edition,PINK BLAST,HEX,,185,Ronald Acuna Jr.,0,
BL-P34,Gaveler,First Edition,PINK BLAST,HEX,,185,Aaron Judge,0,
BL-P35,Burrocious,First Edition,PINK BLAST,HEX,,185,Joe Burrow,0,
BL-P36,Victory,First Edition,PINK BLAST,HEX,,185,Victor Wembenyama,0,
BL-P37,Shrouded,First Edition,PINK BLAST,HEX,,180,CJ Stroud,0,
BL-P38,Taze'em,First Edition,PINK BLAST,HEX,,180,Jayson Tatum,0,
BL-P39,Caliber,First Edition,PINK BLAST,HEX,,180,Caleb Williams,0,
BL-P40,C.C.,First Edition,PINK BLAST,HEX,,180,Caitlin Clark,0,
BL-P41,Doublecheck,First Edition,PINK BLAST,HEX,,180,Aaron Rodgers,0,
BL-P42,Cobra,First Edition,PINK BLAST,HEX,,175,Kevin Durant,0,
BL-P43,Cruze-Control,First Edition,PINK BLAST,HEX,,175,Elly De La Cruz,0,
BL-P44,Processor,First Edition,PINK BLAST,HEX,,175,Joel Embiid,0,
BL-P45,Burner,First Edition,PINK BLAST,HEX,,175,Jalen Brunson,0,
BL-P46,Cowboy,First Edition,PINK BLAST,HEX,,175,Corey Seager,0,
BL-P47,Yeti,First Edition,PINK BLAST,HEX,,170,Travis Kelce,0,
BL-P48,Tattoo,First Edition,PINK BLAST,HEX,,170,Fernando Tatis Jr.,0,
BL-P49,Superbaby,First Edition,PINK BLAST,HEX,,170,Rafael Devers,0,
BL-P50,Jeesaw,First Edition,PINK BLAST,HEX,,170,Najee Harris,0,
BL-P51,Tongue-Twister,First Edition,PINK BLAST,HEX,,170,Tua Tagovailoa,0,
BL-P52,Halo,First Edition,PINK BLAST,HEX,,165,Angel Reese,0,
BL-P53,Eagle-Eye,First Edition,PINK BLAST,HEX,,165,Jalen Hurts,0,
BL-P54,Turntable,First Edition,PINK BLAST,HEX,,165,Trea Turner,0,
BL-P55,Bandelero,First Edition,PINK BLAST,HEX,,165,Paolo Banchero,0,
BL-P56,Marverati,First Edition,PINK BLAST,HEX,,165,Marvin Harrison Jr.,0,
BL-P57,Action,First Edition,PINK BLAST,HEX,,160,Jackson Holliday,0,
BL-P58,Vampire,First Edition,PINK BLAST,HEX,,160,Vladimir Guerrero Jr.,0,
BL-P59,Jeeves,First Edition,PINK BLAST,HEX,,160,Jimmy Butler,0,
BL-P60,Carroller,First Edition,PINK BLAST,HEX,,160,Corbin Carroll,0,
BL-P61,Draco,First Edition,PINK BLAST,HEX,,160,Drake Maye,0,
BL-P62,Cha-Ching,First Edition,PINK BLAST,HEX,,155,Jackson Chourio,0,
BL-P63,Time,First Edition,PINK BLAST,HEX,,155,Damian Lillard,0,
BL-P64,Fungi,First Edition,PINK BLAST,HEX,,155,Kawhi Leonard,0,
BL-P65,Wild Beard,First Edition,PINK BLAST,HEX,,155,James Harden,0,
BL-P66,Shepherd,First Edition,PINK BLAST,HEX,,155,Ceedee Lamb,0,
BL-P67,Ollie,First Edition,PINK BLAST,HEX,,150,Matt Olson,0,
BL-P68,Tank,First Edition,PINK BLAST,HEX,,150,Derrick Henry,0,
BL-P69,Grin,First Edition,PINK BLAST,HEX,,150,Fracisco Lindor,0,
BL-P70,Bammer,First Edition,PINK BLAST,HEX,,150,Bam Adebayo,0,
BL-P71,Barreler,First Edition,PINK BLAST,HEX,,150,Cooper Kupp,0,
BL-P72,Cupid,First Edition,PINK BLAST,HEX,,145,Jordan Love,0,
BL-P73,Javalanche,First Edition,PINK BLAST,HEX,,145,Jamal Murray,0,
BL-P74,Bionic,First Edition,PINK BLAST,HEX,,145,Carlos Correa,0,
BL-P75,Stitcher,First Edition,PINK BLAST,HEX,,145,Jonathan Taylor,0,
BL-P76,Triple Threat,First Edition,PINK BLAST,HEX,,145,Lamelo Ball,0,
BL-P77,BoJax,Founding Hero Alpha Update,PINK BLAST,HEX,,200,Bo Jackson,0,
BL-P78,Magic,Magic Johnson Debut,PINK BLAST,HEX,,200,Magic Johnson,0,
BL-P79,Emmitt-164,Emmitt Smith Debut,PINK BLAST,HEX,,200,Emmitt Smith,0,
BL-P80,Marino,Dan Marino Debut,PINK BLAST,HEX,,200,Dan Marino,0,
BL-P81,"Barry ""Cutback"" Sanders",Barry Sanders Debut,PINK BLAST,HEX,,200,Barry Sanders,0,
BL-P82,Muggsy,Muggsy Bogues Debut,PINK BLAST,HEX,,195,Muggsy Bogues,0,
BL-P83,Spudnick,Spudd Webb Debut,PINK BLAST,HEX,,195,Spudd Webb,0,
BL-P84,The Ironman,Cal Ripkin JR Debut,PINK BLAST,HEX,,195,Cal Ripkin JR,0,
BL-P85,Peek-A-Boo,Picabo Street Debut,PINK BLAST,HEX,,195,Picabo Street,0,
BL-P86,Wizard,Ozzie Smith Debut,PINK BLAST,HEX,,190,Ozzie Smith,0,
BL-P87,Joey Jawz,Joey Chestnut Debut,PINK BLAST,HEX,,190,Joey Chestnut,0,
BL-P88,Bus,Jerome Bettis Debut,PINK BLAST,HEX,,190,Jerome Bettis,0,
BL-P89,Chicken Man,Wade Boggs Debut,PINK BLAST,HEX,,190,Wade Boggs,0,
BL-P90,HowBout'em,Jimmy Johnson Debut,PINK BLAST,HEX,,190,Jimmy Johnson,0,
BL-P91,Sea-Largent,Steve Largent Debut,PINK BLAST,HEX,,185,Steve Largent,0,
BL-P92,Howietzer,Howie Long Debut,PINK BLAST,HEX,,185,Howie Long,0,
BL-P93,Goggles,Eric Dickerson Debut,PINK BLAST,HEX,,185,Eric Dickerson,0,
BL-P94,Steady Eddie,Eddie George Debut,PINK BLAST,HEX,,185,Eddie George,0,
BL-P95,X.L.,Xavier Legette Alpha Update,PINK BLAST,HEX,,185,Xavier Legette,0,
BL-P96,Pet Dog,Ethan Petry Debut,PINK BLAST,HEX,,185,Ethan Petry,0,
BL-P97,Windmill,Dominique Wilkins Debut,PINK BLAST,HEX,,185,Dominique Wilkins,0,
BL-P98,Boom,Boomer Esiason Debut,PINK BLAST,HEX,,185,Boomer Esiason,0,
BL-P99,Cameleon,Cameron Brink Debut,PINK BLAST,HEX,,185,Cameron Brink,0,
BL-P100,Curaçao Kid,Anduw Jones Debut,PINK BLAST,HEX,,180,Anduw Jones,0,
BL-P101,Sterling,Sterling Sharpe Debut,PINK BLAST,HEX,,180,Sterling Sharpe,0,
BL-P102,Caveman,Johnny Damon Debut,PINK BLAST,HEX,,180,Johnny Damon,0,
BL-P103,Lady Magic,Nancy Lieberman Debut,PINK BLAST,HEX,,180,Nancy Lieberman,0,
BL-P104,Hoge-Ball,Merril Hoge Debut,PINK BLAST,HEX,,175,Merril Hoge,0,
BL-P105,InVinceable,Vince Young Debut,PINK BLAST,HEX,,175,Vince Young,0,
BL-P106,Slash,Kordell Stewart Debut,PINK BLAST,HEX,,175,Kordell Stewart,0,
BL-P107,Tikoff,Fred Biletnikoff Debut,PINK BLAST,HEX,,175,Fred Biletnikoff,0,
BL-P108,Bone,Jay Buhner Debut,PINK BLAST,HEX,,175,Jay Buhner,0,
BL-P109,Kurse,Jevon Kearse Debut,PINK BLAST,HEX,,170,Jevon Kearse,0,
BL-P110,Deep Freeze,George Gervin Debut,PINK BLAST,HEX,,170,George Gervin,0,
BL-P111,Woody,Darren Woodson Debut,PINK BLAST,HEX,,170,Darren Woodson,0,
BL-P112,Coopanova,Cynthia Cooper Debut,PINK BLAST,HEX,,170,Cynthia Cooper,0,
BL-P113,Hard-Drive,Tim Hardaway Debut,PINK BLAST,HEX,,170,Tim Hardaway,0,
BL-P114,BuckShot,Buck Showalter Debut,PINK BLAST,HEX,,170,Buck Showalter,0,
BL-P115,Haymaker,Spencer Haywood Debut,PINK BLAST,HEX,,170,Spencer Haywood,0,
BL-P116,Tank,Bo Said So,PINK BLAST,HEX,,200,Derrick Henry,0,
BL-P117,Skeee,First Edition,PINK BLAST,HEX,,195,Paul Skenes,0,
BL-P118,AJax,First Edition,PINK BLAST,HEX,,195,A'ja Wilson,0,
BL-P119,LeBoss,First Edition,PINK BLAST,HEX,,185,Lebron James,0,
BL-P120,Merlomes,First Edition,PINK BLAST,HEX,,185,Patrick Mahomes,0,
BL-P121,Chosen,First Edition,PINK BLAST,HEX,,185,Juan Soto,0,
BL-P122,Midas,First Edition,PINK BLAST,HEX,,185,Steph Curry,0,
BL-P123,Bison,First Edition,PINK BLAST,HEX,,185,Josh Allen,0,
BL-P124,Wargod,First Edition,PINK BLAST,HEX,,185,Mike Trout,0,
BL-P125,Donny Buckets,First Edition,PINK BLAST,HEX,,180,Luka Doncic,0,
BL-P126,Warp,First Edition,PINK BLAST,HEX,,180,Lamar Jackson,0,
BL-P127,Harpoon,First Edition,PINK BLAST,HEX,,180,Bryca Harper,0,
BL-P128,Mustang,First Edition,PINK BLAST,HEX,,180,Nikola Jokic,0,
BL-P129,Jaybird,First Edition,PINK BLAST,HEX,,180,Jayden Daniels,0,
BL-P130,J-Jetts,First Edition,PINK BLAST,HEX,,180,Justin Jefferson,0,
BL-P131,Merri-Go-Round,First Edition,PINK BLAST,HEX,,175,Jackson Marrill,0,
BL-P132,Shystep,First Edition,PINK BLAST,HEX,,175,Shai Gilgeous-Alexander,0,
BL-P133,Ram,First Edition,PINK BLAST,HEX,,175,Jose Ramirez,0,
BL-P134,Freakshow,First Edition,PINK BLAST,HEX,,175,Giannis Anteokounmpo,0,
BL-P135,Lightningrod,First Edition,PINK BLAST,HEX,,175,Julio Rodriguez,0,
BL-P136,Bayou,First Edition,PINK BLAST,HEX,,175,Ja'marr Chase,0,
BL-P137,McArmyKnife,First Edition,PINK BLAST,HEX,,170,Christian McCaffrey,0,
BL-P138,Tigre,First Edition,PINK BLAST,HEX,,170,Miguel Cabrera,0,
BL-P139,Cheetah,First Edition,PINK BLAST,HEX,,170,Tyreek Hill,0,
BL-P140,Spider,First Edition,PINK BLAST,HEX,,170,Donovan Mitchell,0,
BL-P141,Crews-Missle,First Edition,PINK BLAST,HEX,,170,Dylan Crews,0,
BL-P142,Unibrow,First Edition,PINK BLAST,HEX,,170,Anthony Davis,0,
BL-P143,Exterminaber,First Edition,PINK BLAST,HEX,,165,Malik Nabers,0,
BL-P144,Bomber,First Edition,PINK BLAST,HEX,,165,Jordan Alvarez,0,
BL-P145,Juice,First Edition,PINK BLAST,HEX,,165,Jaylen Brown,0,
BL-P146,Attak,First Edition,PINK BLAST,HEX,,165,Dak Prescott,0,
BL-P147,ChetMate,First Edition,PINK BLAST,HEX,,165,Chet Holmgren,0,
BL-P148,Phoenix,First Edition,PINK BLAST,HEX,,165,Bo Nix,0,
BL-P149,Lieutenant,First Edition,PINK BLAST,HEX,,160,Dansby Swanson,0,
BL-P150,Snowbear,First Edition,PINK BLAST,HEX,,160,Pete Alonso,0,
BL-P151,Boltage,First Edition,PINK BLAST,HEX,,160,Justin Herbert,0,
BL-P152,Librarian,First Edition,PINK BLAST,HEX,,160,Devin Booker,0,
BL-P153,Aeronaut,First Edition,PINK BLAST,HEX,,160,Nolan Arenado,0,
BL-P154,Sabotage,First Edition,PINK BLAST,HEX,,160,Domantas Sabonis,0,
BL-P155,Mic'd Up,First Edition,PINK BLAST,HEX,,155,MIke Evans,0,
BL-P156,Jambox,First Edition,PINK BLAST,HEX,,155,Ja Morant,0,
BL-P157,Simon Says,First Edition,PINK BLAST,HEX,,155,Anfernee Simons,0,
BL-P158,Mr. Irrelevant,First Edition,PINK BLAST,HEX,,155,Brock Purdy,0,
BL-P159,Pantera,First Edition,PINK BLAST,HEX,,155,Luis Robert Jr,0,
BL-P160,Rockstar,First Edition,PINK BLAST,HEX,,155,Jazz Chisholm,0,
BL-P161,Big-Z,First Edition,PINK BLAST,HEX,,150,Zion Williamson,0,
BL-P162,Clutch,First Edition,PINK BLAST,HEX,,150,Andrew McCutchen,0,
BL-P163,PukaDot,First Edition,PINK BLAST,HEX,,150,Puka Nacua,0,
BL-P164,Sprinkler,First Edition,PINK BLAST,HEX,,150,Luis Arraez,0,
BL-P165,Foxhole,First Edition,PINK BLAST,HEX,,150,De'Aaron Fox,0,
BL-P166,Thomstone,First Edition,PINK BLAST,HEX,,150,Brian Thomas Jr,0,
BL-P167,Botto,First Edition,PINK BLAST,HEX,,145,Joey Votto,0,
BL-P168,Lawman,First Edition,PINK BLAST,HEX,,145,Trevor Lawrence,0,
BL-P169,Barnacle,First Edition,PINK BLAST,HEX,,145,Scottie Barnes,0,
BL-P170,Laviathan,First Edition,PINK BLAST,HEX,,145,Zach Lavine,0,
BL-P171,Breeze,First Edition,PINK BLAST,HEX,,145,Breece Hall,0,
BL-P172,Gravedigger,First Edition,PINK BLAST,HEX,,145,Stefon Diggs,0,
BL-P173,D-Hop,First Edition,PINK BLAST,HEX,,140,Deandre Hopkins,0,
BL-P174,Alien,First Edition,PINK BLAST,HEX,,140,CJ Abrams,0,
BL-P175,Portalize,First Edition,PINK BLAST,HEX,,140,Sam Laporta,0,
BL-P176,Torque,First Edition,PINK BLAST,HEX,,140,Spencer Torkelson,0,
BL-P177,Risarcher,First Edition,PINK BLAST,HEX,,140,Zaccharie Risacher,0,
BL-P178,Sarrtillery,First Edition,PINK BLAST,HEX,,140,Alexandre Sarr,0,
Billy-23,Billy,First Edition,PINK BLAST,HEX,,200,Billy the Pug,0,
CJ-23,CJ Maddux,First Edition,PINK BLAST,HEX,,200,CJ Maddux,0,
BL-SK1,Bombeezy,Emillio Estevez Debut,PINK BLAST,HEX,,200,Emillio Estevez,0,
BL-BG1,Bojax,Founding Hero,BUBBLEGUM BLAST,GUM,,200,Bo Jackson,0,
BL-BG2,A.I.,Allen Iverson Debut,BUBBLEGUM BLAST,GUM,,200,Allen Iverson,0,
BL-BG3,Young-Gunner,Steve Young Debut,BUBBLEGUM BLAST,GUM,,200,Steve Young,0,
BL-BG4,Leducky,Brandi Chastain Debut,BUBBLEGUM BLAST,GUM,,200,Katie Ledecky,0,
BL-BG5,Boz,Brian Bosworth Debut,BUBBLEGUM BLAST,GUM,,195,Brian Bosworth,0,
BL-BG6,Cruschman,Adley Rutshman Debut,BUBBLEGUM BLAST,GUM,,195,Adley Rutschman,0,
BL-BG7,Allenwrench,Marcus Allen Debut,BUBBLEGUM BLAST,GUM,,195,Marcus Allen,0,
BL-BG8,Star-Bach,Roger Staubach Debut,BUBBLEGUM BLAST,GUM,,190,Roger Staubach,0,
BL-BG9,Grand-Ma-Ma,Larry Johnson Debut,BUBBLEGUM BLAST,GUM,,190,Larry Johnson,0,
BL-BG10,Amon-Ra,Amon-Ra St. Brown Debut,BUBBLEGUM BLAST,GUM,,190,Amon-Ra St. Brown,0,
BL-BG11,Waddler,Jaylen Waddle Debut,BUBBLEGUM BLAST,GUM,,185,Jaylen Waddle,0,
BL-BG12,Donnie Baseball,Don Mattingly Debut,BUBBLEGUM BLAST,GUM,,185,Don Mattingly,0,
BL-BG13,Boshpit,Chris Bosh Debut,BUBBLEGUM BLAST,GUM,,185,Chris Bosh,0,
BL-BG14,Thurmanator,Thuman Thomas Debut,BUBBLEGUM BLAST,GUM,,180,Thurman Thomas,0,
BL-BG15,Flutie,Doug Flutie Debut,BUBBLEGUM BLAST,GUM,,180,Doug Flutie,0,
BL-BG16,Green-Machine,Jalen Green Debut,BUBBLEGUM BLAST,GUM,,180,Jalen Green,0,
BL-BG17,KAT,Karl-Anthony Towns Debut,BUBBLEGUM BLAST,GUM,,180,Karl-Anthony Towns,0,
BL-BG18,Mean-Joe,Joe Greene Debut,BUBBLEGUM BLAST,GUM,,180,Mean Joe Greene,0,
BL-BG19,Chief,Robert Parish Debut,BUBBLEGUM BLAST,GUM,,180,Robert Parish,0,
BL-BG20,Thrill,Will Clark Debut,BUBBLEGUM BLAST,GUM,,175,Will Clark,0,
BL-BG21,Frostebite,Trae Young Debut,BUBBLEGUM BLAST,GUM,,175,Trae Young,0,
BL-BG22,Blockhale,Kevin McHale Debut,BUBBLEGUM BLAST,GUM,,175,Kevin Mchale,0,
BL-BG23,Timmy,Tim Brown Debut,BUBBLEGUM BLAST,GUM,,175,Tim Brown,0,
BL-BG24,Palmer,Jim Palmer Debut,BUBBLEGUM BLAST,GUM,,175,Jim Palmer,0,
BL-BG25,Thighs Man,Joe Theisman,BUBBLEGUM BLAST,GUM,,175,Joe Theismann,0,
BL-BG26,Rodder,Rod Smith Debut,BUBBLEGUM BLAST,GUM,,170,Rod Smith,0,
BL-BG27,Awesome Dawson,Andre Dawson Debut,BUBBLEGUM BLAST,GUM,,170,Andre Dawson,0,
BL-BG28,Line-Art,Matt Leinart Debut,BUBBLEGUM BLAST,GUM,,170,Matt Leinart,0,
BL-BG29,Swoopes,Sheryl Swoopes Debut,BUBBLEGUM BLAST,GUM,,170,Sheryl Swoopes,0,
BL-BG30,Smoke,Dave Stewart Debut,BUBBLEGUM BLAST,GUM,,170,Dave Stewart,0,
BL-BG31,Man of Steal,Vince Coleman Debut,BUBBLEGUM BLAST,GUM,,170,Vince Coleman,0,
BL-BG32,Showtime,First Edition,BUBBLEGUM BLAST,GUM,,185,Shohei Ohtani,0,
BL-BG33,Matata,First Edition,BUBBLEGUM BLAST,GUM,,185,Ronald Acuna Jr.,0,
BL-BG34,Gaveler,First Edition,BUBBLEGUM BLAST,GUM,,185,Aaron Judge,0,
BL-BG35,Burrocious,First Edition,BUBBLEGUM BLAST,GUM,,185,Joe Burrow,0,
BL-BG36,Victory,First Edition,BUBBLEGUM BLAST,GUM,,185,Victor Wembenyama,0,
BL-BG37,Shrouded,First Edition,BUBBLEGUM BLAST,GUM,,180,CJ Stroud,0,
BL-BG38,Taze'em,First Edition,BUBBLEGUM BLAST,GUM,,180,Jayson Tatum,0,
BL-BG39,Caliber,First Edition,BUBBLEGUM BLAST,GUM,,180,Caleb Williams,0,
BL-BG40,C.C.,First Edition,BUBBLEGUM BLAST,GUM,,180,Caitlin Clark,0,
BL-BG41,Doublecheck,First Edition,BUBBLEGUM BLAST,GUM,,180,Aaron Rodgers,0,
BL-BG42,Cobra,First Edition,BUBBLEGUM BLAST,GUM,,175,Kevin Durant,0,
BL-BG43,Cruze-Control,First Edition,BUBBLEGUM BLAST,GUM,,175,Elly De La Cruz,0,
BL-BG44,Processor,First Edition,BUBBLEGUM BLAST,GUM,,175,Joel Embiid,0,
BL-BG45,Burner,First Edition,BUBBLEGUM BLAST,GUM,,175,Jalen Brunson,0,
BL-BG46,Cowboy,First Edition,BUBBLEGUM BLAST,GUM,,175,Corey Seager,0,
BL-BG47,Yeti,First Edition,BUBBLEGUM BLAST,GUM,,170,Travis Kelce,0,
BL-BG48,Tattoo,First Edition,BUBBLEGUM BLAST,GUM,,170,Fernando Tatis Jr.,0,
BL-BG49,Superbaby,First Edition,BUBBLEGUM BLAST,GUM,,170,Rafael Devers,0,
BL-BG50,Jeesaw,First Edition,BUBBLEGUM BLAST,GUM,,170,Najee Harris,0,
BL-BG51,Tongue-Twister,First Edition,BUBBLEGUM BLAST,GUM,,170,Tua Tagovailoa,0,
BL-BG52,Halo,First Edition,BUBBLEGUM BLAST,GUM,,165,Angel Reese,0,
BL-BG53,Eagle-Eye,First Edition,BUBBLEGUM BLAST,GUM,,165,Jalen Hurts,0,
BL-BG54,Turntable,First Edition,BUBBLEGUM BLAST,GUM,,165,Trea Turner,0,
BL-BG55,Bandelero,First Edition,BUBBLEGUM BLAST,GUM,,165,Paolo Banchero,0,
BL-BG56,Marverati,First Edition,BUBBLEGUM BLAST,GUM,,165,Marvin Harrison Jr.,0,
BL-BG57,Action,First Edition,BUBBLEGUM BLAST,GUM,,160,Jackson Holliday,0,
BL-BG58,Vampire,First Edition,BUBBLEGUM BLAST,GUM,,160,Vladimir Guerrero Jr.,0,
BL-BG59,Jeeves,First Edition,BUBBLEGUM BLAST,GUM,,160,Jimmy Butler,0,
BL-BG60,Carroller,First Edition,BUBBLEGUM BLAST,GUM,,160,Corbin Carroll,0,
BL-BG61,Draco,First Edition,BUBBLEGUM BLAST,GUM,,160,Drake Maye,0,
BL-BG62,Cha-Ching,First Edition,BUBBLEGUM BLAST,GUM,,155,Jackson Chourio,0,
BL-BG63,Time,First Edition,BUBBLEGUM BLAST,GUM,,155,Damian Lillard,0,
BL-BG64,Fungi,First Edition,BUBBLEGUM BLAST,GUM,,155,Kawhi Leonard,0,
BL-BG65,Wild Beard,First Edition,BUBBLEGUM BLAST,GUM,,155,James Harden,0,
BL-BG66,Shepherd,First Edition,BUBBLEGUM BLAST,GUM,,155,Ceedee Lamb,0,
BL-BG67,Ollie,First Edition,BUBBLEGUM BLAST,GUM,,150,Matt Olson,0,
BL-BG68,Tank,First Edition,BUBBLEGUM BLAST,GUM,,150,Derrick Henry,0,
BL-BG69,Grin,First Edition,BUBBLEGUM BLAST,GUM,,150,Fracisco Lindor,0,
BL-BG70,Bammer,First Edition,BUBBLEGUM BLAST,GUM,,150,Bam Adebayo,0,
BL-BG71,Barreler,First Edition,BUBBLEGUM BLAST,GUM,,150,Cooper Kupp,0,
BL-BG72,Cupid,First Edition,BUBBLEGUM BLAST,GUM,,145,Jordan Love,0,
BL-BG73,Javalanche,First Edition,BUBBLEGUM BLAST,GUM,,145,Jamal Murray,0,
BL-BG74,Bionic,First Edition,BUBBLEGUM BLAST,GUM,,145,Carlos Correa,0,
BL-BG75,Stitcher,First Edition,BUBBLEGUM BLAST,GUM,,145,Jonathan Taylor,0,
BL-BG76,Triple Threat,First Edition,BUBBLEGUM BLAST,GUM,,145,Lamelo Ball,0,
BL-BG77,BoJax,Founding Hero Alpha Update,BUBBLEGUM BLAST,GUM,,200,Bo Jackson,0,
BL-BG78,Magic,Magic Johnson Debut,BUBBLEGUM BLAST,GUM,,200,Magic Johnson,0,
BL-BG79,Emmitt-164,Emmitt Smith Debut,BUBBLEGUM BLAST,GUM,,200,Emmitt Smith,0,
BL-BG80,Marino,Dan Marino Debut,BUBBLEGUM BLAST,GUM,,200,Dan Marino,0,
BL-BG81,"Barry ""Cutback"" Sanders",Barry Sanders Debut,BUBBLEGUM BLAST,GUM,,200,Barry Sanders,0,
BL-BG82,Muggsy,Muggsy Bogues Debut,BUBBLEGUM BLAST,GUM,,195,Muggsy Bogues,0,
BL-BG83,Spudnick,Spudd Webb Debut,BUBBLEGUM BLAST,GUM,,195,Spudd Webb,0,
BL-BG84,The Ironman,Cal Ripkin JR Debut,BUBBLEGUM BLAST,GUM,,195,Cal Ripkin JR,0,
BL-BG85,Peek-A-Boo,Picabo Street Debut,BUBBLEGUM BLAST,GUM,,195,Picabo Street,0,
BL-BG86,Wizard,Ozzie Smith Debut,BUBBLEGUM BLAST,GUM,,190,Ozzie Smith,0,
BL-BG87,Joey Jawz,Joey Chestnut Debut,BUBBLEGUM BLAST,GUM,,190,Joey Chestnut,0,
BL-BG88,Bus,Jerome Bettis Debut,BUBBLEGUM BLAST,GUM,,190,Jerome Bettis,0,
BL-BG89,Chicken Man,Wade Boggs Debut,BUBBLEGUM BLAST,GUM,,190,Wade Boggs,0,
BL-BG90,HowBout'em,Jimmy Johnson Debut,BUBBLEGUM BLAST,GUM,,190,Jimmy Johnson,0,
BL-BG91,Sea-Largent,Steve Largent Debut,BUBBLEGUM BLAST,GUM,,185,Steve Largent,0,
BL-BG92,Howietzer,Howie Long Debut,BUBBLEGUM BLAST,GUM,,185,Howie Long,0,
BL-BG93,Goggles,Eric Dickerson Debut,BUBBLEGUM BLAST,GUM,,185,Eric Dickerson,0,
BL-BG94,Steady Eddie,Eddie George Debut,BUBBLEGUM BLAST,GUM,,185,Eddie George,0,
BL-BG95,X.L.,Xavier Legette Alpha Update,BUBBLEGUM BLAST,GUM,,185,Xavier Legette,0,
BL-BG96,Pet Dog,Ethan Petry Debut,BUBBLEGUM BLAST,GUM,,185,Ethan Petry,0,
BL-BG97,Windmill,Dominique Wilkins Debut,BUBBLEGUM BLAST,GUM,,185,Dominique Wilkins,0,
BL-BG98,Boom,Boomer Esiason Debut,BUBBLEGUM BLAST,GUM,,185,Boomer Esiason,0,
BL-BG99,Cameleon,Cameron Brink Debut,BUBBLEGUM BLAST,GUM,,185,Cameron Brink,0,
BL-BG100,Curaçao Kid,Anduw Jones Debut,BUBBLEGUM BLAST,GUM,,180,Anduw Jones,0,
BL-BG101,Sterling,Sterling Sharpe Debut,BUBBLEGUM BLAST,GUM,,180,Sterling Sharpe,0,
BL-BG102,Caveman,Johnny Damon Debut,BUBBLEGUM BLAST,GUM,,180,Johnny Damon,0,
BL-BG103,Lady Magic,Nancy Lieberman Debut,BUBBLEGUM BLAST,GUM,,180,Nancy Lieberman,0,
BL-BG104,Hoge-Ball,Merril Hoge Debut,BUBBLEGUM BLAST,GUM,,175,Merril Hoge,0,
BL-BG105,InVinceable,Vince Young Debut,BUBBLEGUM BLAST,GUM,,175,Vince Young,0,
BL-BG106,Slash,Kordell Stewart Debut,BUBBLEGUM BLAST,GUM,,175,Kordell Stewart,0,
BL-BG107,Tikoff,Fred Biletnikoff Debut,BUBBLEGUM BLAST,GUM,,175,Fred Biletnikoff,0,
BL-BG108,Bone,Jay Buhner Debut,BUBBLEGUM BLAST,GUM,,175,Jay Buhner,0,
BL-BG109,Kurse,Jevon Kearse Debut,BUBBLEGUM BLAST,GUM,,170,Jevon Kearse,0,
BL-BG110,Deep Freeze,George Gervin Debut,BUBBLEGUM BLAST,GUM,,170,George Gervin,0,
BL-BG111,Woody,Darren Woodson Debut,BUBBLEGUM BLAST,GUM,,170,Darren Woodson,0,
BL-BG112,Coopanova,Cynthia Cooper Debut,BUBBLEGUM BLAST,GUM,,170,Cynthia Cooper,0,
BL-BG113,Hard-Drive,Tim Hardaway Debut,BUBBLEGUM BLAST,GUM,,170,Tim Hardaway,0,
BL-BG114,BuckShot,Buck Showalter Debut,BUBBLEGUM BLAST,GUM,,170,Buck Showalter,0,
BL-BG115,Haymaker,Spencer Haywood Debut,BUBBLEGUM BLAST,GUM,,170,Spencer Haywood,0,
BL-BG116,Tank,Bo Said So,BUBBLEGUM BLAST,GUM,,200,Derrick Henry,0,
BL-BG117,Skeee,First Edition,BUBBLEGUM BLAST,GUM,,195,Paul Skenes,0,
BL-BG118,AJax,First Edition,BUBBLEGUM BLAST,GUM,,195,A'ja Wilson,0,
BL-BG119,LeBoss,First Edition,BUBBLEGUM BLAST,GUM,,185,Lebron James,0,
BL-BG120,Merlomes,First Edition,BUBBLEGUM BLAST,GUM,,185,Patrick Mahomes,0,
BL-BG121,Chosen,First Edition,BUBBLEGUM BLAST,GUM,,185,Juan Soto,0,
BL-BG122,Midas,First Edition,BUBBLEGUM BLAST,GUM,,185,Steph Curry,0,
BL-BG123,Bison,First Edition,BUBBLEGUM BLAST,GUM,,185,Josh Allen,0,
BL-BG124,Wargod,First Edition,BUBBLEGUM BLAST,GUM,,185,Mike Trout,0,
BL-BG125,Donny Buckets,First Edition,BUBBLEGUM BLAST,GUM,,180,Luka Doncic,0,
BL-BG126,Warp,First Edition,BUBBLEGUM BLAST,GUM,,180,Lamar Jackson,0,
BL-BG127,Harpoon,First Edition,BUBBLEGUM BLAST,GUM,,180,Bryca Harper,0,
BL-BG128,Mustang,First Edition,BUBBLEGUM BLAST,GUM,,180,Nikola Jokic,0,
BL-BG129,Jaybird,First Edition,BUBBLEGUM BLAST,GUM,,180,Jayden Daniels,0,
BL-BG130,J-Jetts,First Edition,BUBBLEGUM BLAST,GUM,,180,Justin Jefferson,0,
BL-BG131,Merri-Go-Round,First Edition,BUBBLEGUM BLAST,GUM,,175,Jackson Marrill,0,
BL-BG132,Shystep,First Edition,BUBBLEGUM BLAST,GUM,,175,Shai Gilgeous-Alexander,0,
BL-BG133,Ram,First Edition,BUBBLEGUM BLAST,GUM,,175,Jose Ramirez,0,
BL-BG134,Freakshow,First Edition,BUBBLEGUM BLAST,GUM,,175,Giannis Anteokounmpo,0,
BL-BG135,Lightningrod,First Edition,BUBBLEGUM BLAST,GUM,,175,Julio Rodriguez,0,
BL-BG136,Bayou,First Edition,BUBBLEGUM BLAST,GUM,,175,Ja'marr Chase,0,
BL-BG137,McArmyKnife,First Edition,BUBBLEGUM BLAST,GUM,,170,Christian McCaffrey,0,
BL-BG138,Tigre,First Edition,BUBBLEGUM BLAST,GUM,,170,Miguel Cabrera,0,
BL-BG139,Cheetah,First Edition,BUBBLEGUM BLAST,GUM,,170,Tyreek Hill,0,
BL-BG140,Spider,First Edition,BUBBLEGUM BLAST,GUM,,170,Donovan Mitchell,0,
BL-BG141,Crews-Missle,First Edition,BUBBLEGUM BLAST,GUM,,170,Dylan Crews,0,
BL-BG142,Unibrow,First Edition,BUBBLEGUM BLAST,GUM,,170,Anthony Davis,0,
BL-BG143,Exterminaber,First Edition,BUBBLEGUM BLAST,GUM,,165,Malik Nabers,0,
BL-BG144,Bomber,First Edition,BUBBLEGUM BLAST,GUM,,165,Jordan Alvarez,0,
BL-BG145,Juice,First Edition,BUBBLEGUM BLAST,GUM,,165,Jaylen Brown,0,
BL-BG146,Attak,First Edition,BUBBLEGUM BLAST,GUM,,165,Dak Prescott,0,
BL-BG147,ChetMate,First Edition,BUBBLEGUM BLAST,GUM,,165,Chet Holmgren,0,
BL-BG148,Phoenix,First Edition,BUBBLEGUM BLAST,GUM,,165,Bo Nix,0,
BL-BG149,Lieutenant,First Edition,BUBBLEGUM BLAST,GUM,,160,Dansby Swanson,0,
BL-BG150,Snowbear,First Edition,BUBBLEGUM BLAST,GUM,,160,Pete Alonso,0,
BL-BG151,Boltage,First Edition,BUBBLEGUM BLAST,GUM,,160,Justin Herbert,0,
BL-BG152,Librarian,First Edition,BUBBLEGUM BLAST,GUM,,160,Devin Booker,0,
BL-BG153,Aeronaut,First Edition,BUBBLEGUM BLAST,GUM,,160,Nolan Arenado,0,
BL-BG154,Sabotage,First Edition,BUBBLEGUM BLAST,GUM,,160,Domantas Sabonis,0,
BL-BG155,Mic'd Up,First Edition,BUBBLEGUM BLAST,GUM,,155,MIke Evans,0,
BL-BG156,Jambox,First Edition,BUBBLEGUM BLAST,GUM,,155,Ja Morant,0,
BL-BG157,Simon Says,First Edition,BUBBLEGUM BLAST,GUM,,155,Anfernee Simons,0,
BL-BG158,Mr. Irrelevant,First Edition,BUBBLEGUM BLAST,GUM,,155,Brock Purdy,0,
BL-BG159,Pantera,First Edition,BUBBLEGUM BLAST,GUM,,155,Luis Robert Jr,0,
BL-BG160,Rockstar,First Edition,BUBBLEGUM BLAST,GUM,,155,Jazz Chisholm,0,
BL-BG161,Big-Z,First Edition,BUBBLEGUM BLAST,GUM,,150,Zion Williamson,0,
BL-BG162,Clutch,First Edition,BUBBLEGUM BLAST,GUM,,150,Andrew McCutchen,0,
BL-BG163,PukaDot,First Edition,BUBBLEGUM BLAST,GUM,,150,Puka Nacua,0,
BL-BG164,Sprinkler,First Edition,BUBBLEGUM BLAST,GUM,,150,Luis Arraez,0,
BL-BG165,Foxhole,First Edition,BUBBLEGUM BLAST,GUM,,150,De'Aaron Fox,0,
BL-BG166,Thomstone,First Edition,BUBBLEGUM BLAST,GUM,,150,Brian Thomas Jr,0,
BL-BG167,Botto,First Edition,BUBBLEGUM BLAST,GUM,,145,Joey Votto,0,
BL-BG168,Lawman,First Edition,BUBBLEGUM BLAST,GUM,,145,Trevor Lawrence,0,
BL-BG169,Barnacle,First Edition,BUBBLEGUM BLAST,GUM,,145,Scottie Barnes,0,
BL-BG170,Laviathan,First Edition,BUBBLEGUM BLAST,GUM,,145,Zach Lavine,0,
BL-BG171,Breeze,First Edition,BUBBLEGUM BLAST,GUM,,145,Breece Hall,0,
BL-BG172,Gravedigger,First Edition,BUBBLEGUM BLAST,GUM,,145,Stefon Diggs,0,
BL-BG173,D-Hop,First Edition,BUBBLEGUM BLAST,GUM,,140,Deandre Hopkins,0,
BL-BG174,Alien,First Edition,BUBBLEGUM BLAST,GUM,,140,CJ Abrams,0,
BL-BG175,Portalize,First Edition,BUBBLEGUM BLAST,GUM,,140,Sam Laporta,0,
BL-BG176,Torque,First Edition,BUBBLEGUM BLAST,GUM,,140,Spencer Torkelson,0,
BL-BG177,Risarcher,First Edition,BUBBLEGUM BLAST,GUM,,140,Zaccharie Risacher,0,
BL-BG178,Sarrtillery,First Edition,BUBBLEGUM BLAST,GUM,,140,Alexandre Sarr,0,
Billy-24,Billy,First Edition,BUBBLEGUM BLAST,GUM,,200,Billy the Pug,0,
CJ-24,CJ Maddux,First Edition,BUBBLEGUM BLAST,GUM,,200,CJ Maddux,0,
BL-SK2,Bombeezy,Emillio Estevez Debut,BUBBLEGUM BLAST,GUM,,200,Emillio Estevez,0,
BL-G1,Bojax,Founding Hero,GREEN BLAST,GLOW,,195,Bo Jackson,0,
BL-G2,A.I.,Allen Iverson Debut,GREEN BLAST,GLOW,,190,Allen Iverson,0,
BL-G3,Young-Gunner,Steve Young Debut,GREEN BLAST,GLOW,,190,Steve Young,0,
BL-G4,Leducky,Brandi Chastain Debut,GREEN BLAST,GLOW,,190,Katie Ledecky,0,
BL-G5,Boz,Brian Bosworth Debut,GREEN BLAST,GLOW,,185,Brian Bosworth,0,
BL-G6,Cruschman,Adley Rutshman Debut,GREEN BLAST,GLOW,,185,Adley Rutschman,0,
BL-G7,Allenwrench,Marcus Allen Debut,GREEN BLAST,GLOW,,185,Marcus Allen,0,
BL-G8,Star-Bach,Roger Staubach Debut,GREEN BLAST,GLOW,,180,Roger Staubach,0,
BL-G9,Grand-Ma-Ma,Larry Johnson Debut,GREEN BLAST,GLOW,,180,Larry Johnson,0,
BL-G10,Amon-Ra,Amon-Ra St. Brown Debut,GREEN BLAST,GLOW,,180,Amon-Ra St. Brown,0,
BL-G11,Waddler,Jaylen Waddle Debut,GREEN BLAST,GLOW,,175,Jaylen Waddle,0,
BL-G12,Donnie Baseball,Don Mattingly Debut,GREEN BLAST,GLOW,,175,Don Mattingly,0,
BL-G13,Boshpit,Chris Bosh Debut,GREEN BLAST,GLOW,,175,Chris Bosh,0,
BL-G14,Thurmanator,Thuman Thomas Debut,GREEN BLAST,GLOW,,170,Thurman Thomas,0,
BL-G15,Flutie,Doug Flutie Debut,GREEN BLAST,GLOW,,170,Doug Flutie,0,
BL-G16,Green-Machine,Jalen Green Debut,GREEN BLAST,GLOW,,170,Jalen Green,0,
BL-G17,KAT,Karl-Anthony Towns Debut,GREEN BLAST,GLOW,,170,Karl-Anthony Towns,0,
BL-G18,Mean-Joe,Joe Greene Debut,GREEN BLAST,GLOW,,170,Mean Joe Greene,0,
BL-G19,Chief,Robert Parish Debut,GREEN BLAST,GLOW,,170,Robert Parish,0,
BL-G20,Thrill,Will Clark Debut,GREEN BLAST,GLOW,,165,Will Clark,0,
BL-G21,Frostebite,Trae Young Debut,GREEN BLAST,GLOW,,165,Trae Young,0,
BL-G22,Blockhale,Kevin McHale Debut,GREEN BLAST,GLOW,,165,Kevin Mchale,0,
BL-G23,Timmy,Tim Brown Debut,GREEN BLAST,GLOW,,165,Tim Brown,0,
BL-G24,Palmer,Jim Palmer Debut,GREEN BLAST,GLOW,,165,Jim Palmer,0,
BL-G25,Thighs Man,Joe Theisman,GREEN BLAST,GLOW,,165,Joe Theismann,0,
BL-G26,Rodder,Rod Smith Debut,GREEN BLAST,GLOW,,160,Rod Smith,0,
BL-G27,Awesome Dawson,Andre Dawson Debut,GREEN BLAST,GLOW,,160,Andre Dawson,0,
BL-G28,Line-Art,Matt Leinart Debut,GREEN BLAST,GLOW,,160,Matt Leinart,0,
BL-G29,Swoopes,Sheryl Swoopes Debut,GREEN BLAST,GLOW,,160,Sheryl Swoopes,0,
BL-G30,Smoke,Dave Stewart Debut,GREEN BLAST,GLOW,,160,Dave Stewart,0,
BL-G31,Man of Steal,Vince Coleman Debut,GREEN BLAST,GLOW,,160,Vince Coleman,0,
BL-G32,Showtime,First Edition,GREEN BLAST,GLOW,,140,Shohei Ohtani,0,
BL-G33,Matata,First Edition,GREEN BLAST,GLOW,,140,Ronald Acuna Jr.,0,
BL-G34,Gaveler,First Edition,GREEN BLAST,GLOW,,140,Aaron Judge,0,
BL-G35,Burrocious,First Edition,GREEN BLAST,GLOW,,140,Joe Burrow,0,
BL-G36,Victory,First Edition,GREEN BLAST,GLOW,,140,Victor Wembenyama,0,
BL-G37,Shrouded,First Edition,GREEN BLAST,GLOW,,135,CJ Stroud,0,
BL-G38,Taze'em,First Edition,GREEN BLAST,GLOW,,135,Jayson Tatum,0,
BL-G39,Caliber,First Edition,GREEN BLAST,GLOW,,135,Caleb Williams,0,
BL-G40,C.C.,First Edition,GREEN BLAST,GLOW,,135,Caitlin Clark,0,
BL-G41,Doublecheck,First Edition,GREEN BLAST,GLOW,,135,Aaron Rodgers,0,
BL-G42,Cobra,First Edition,GREEN BLAST,GLOW,,130,Kevin Durant,0,
BL-G43,Cruze-Control,First Edition,GREEN BLAST,GLOW,,130,Elly De La Cruz,0,
BL-G44,Processor,First Edition,GREEN BLAST,GLOW,,130,Joel Embiid,0,
BL-G45,Burner,First Edition,GREEN BLAST,GLOW,,130,Jalen Brunson,0,
BL-G46,Cowboy,First Edition,GREEN BLAST,GLOW,,130,Corey Seager,0,
BL-G47,Yeti,First Edition,GREEN BLAST,GLOW,,125,Travis Kelce,0,
BL-G48,Tattoo,First Edition,GREEN BLAST,GLOW,,125,Fernando Tatis Jr.,0,
BL-G49,Superbaby,First Edition,GREEN BLAST,GLOW,,125,Rafael Devers,0,
BL-G50,Jeesaw,First Edition,GREEN BLAST,GLOW,,125,Najee Harris,0,
BL-G51,Tongue-Twister,First Edition,GREEN BLAST,GLOW,,125,Tua Tagovailoa,0,
BL-G52,Halo,First Edition,GREEN BLAST,GLOW,,120,Angel Reese,0,
BL-G53,Eagle-Eye,First Edition,GREEN BLAST,GLOW,,120,Jalen Hurts,0,
BL-G54,Turntable,First Edition,GREEN BLAST,GLOW,,120,Trea Turner,0,
BL-G55,Bandelero,First Edition,GREEN BLAST,GLOW,,120,Paolo Banchero,0,
BL-G56,Marverati,First Edition,GREEN BLAST,GLOW,,120,Marvin Harrison Jr.,0,
BL-G57,Action,First Edition,GREEN BLAST,GLOW,,115,Jackson Holliday,0,
BL-G58,Vampire,First Edition,GREEN BLAST,GLOW,,115,Vladimir Guerrero Jr.,0,
BL-G59,Jeeves,First Edition,GREEN BLAST,GLOW,,115,Jimmy Butler,0,
BL-G60,Carroller,First Edition,GREEN BLAST,GLOW,,115,Corbin Carroll,0,
BL-G61,Draco,First Edition,GREEN BLAST,GLOW,,115,Drake Maye,0,
BL-G62,Cha-Ching,First Edition,GREEN BLAST,GLOW,,110,Jackson Chourio,0,
BL-G63,Time,First Edition,GREEN BLAST,GLOW,,110,Damian Lillard,0,
BL-G64,Fungi,First Edition,GREEN BLAST,GLOW,,110,Kawhi Leonard,0,
BL-G65,Wild Beard,First Edition,GREEN BLAST,GLOW,,110,James Harden,0,
BL-G66,Shepherd,First Edition,GREEN BLAST,GLOW,,110,Ceedee Lamb,0,
BL-G67,Ollie,First Edition,GREEN BLAST,GLOW,,105,Matt Olson,0,
BL-G68,Tank,First Edition,GREEN BLAST,GLOW,,105,Derrick Henry,0,
BL-G69,Grin,First Edition,GREEN BLAST,GLOW,,105,Fracisco Lindor,0,
BL-G70,Bammer,First Edition,GREEN BLAST,GLOW,,105,Bam Adebayo,0,
BL-G71,Barreler,First Edition,GREEN BLAST,GLOW,,105,Cooper Kupp,0,
BL-G72,Cupid,First Edition,GREEN BLAST,GLOW,,100,Jordan Love,0,
BL-G73,Javalanche,First Edition,GREEN BLAST,GLOW,,100,Jamal Murray,0,
BL-G74,Bionic,First Edition,GREEN BLAST,GLOW,,100,Carlos Correa,0,
BL-G75,Stitcher,First Edition,GREEN BLAST,GLOW,,100,Jonathan Taylor,0,
BL-G76,Triple Threat,First Edition,GREEN BLAST,GLOW,,100,Lamelo Ball,0,
BL-G77,BoJax,Founding Hero Alpha Update,GREEN BLAST,GLOW,,195,Bo Jackson,0,
BL-G78,Magic,Magic Johnson Debut,GREEN BLAST,GLOW,,190,Magic Johnson,0,
BL-G79,Emmitt-164,Emmitt Smith Debut,GREEN BLAST,GLOW,,190,Emmitt Smith,0,
BL-G80,Marino,Dan Marino Debut,GREEN BLAST,GLOW,,190,Dan Marino,0,
BL-G81,"Barry ""Cutback"" Sanders",Barry Sanders Debut,GREEN BLAST,GLOW,,190,Barry Sanders,0,
BL-G82,Muggsy,Muggsy Bogues Debut,GREEN BLAST,GLOW,,185,Muggsy Bogues,0,
BL-G83,Spudnick,Spudd Webb Debut,GREEN BLAST,GLOW,,185,Spudd Webb,0,
BL-G84,The Ironman,Cal Ripkin JR Debut,GREEN BLAST,GLOW,,185,Cal Ripkin JR,0,
BL-G85,Peek-A-Boo,Picabo Street Debut,GREEN BLAST,GLOW,,185,Picabo Street,0,
BL-G86,Wizard,Ozzie Smith Debut,GREEN BLAST,GLOW,,180,Ozzie Smith,0,
BL-G87,Joey Jawz,Joey Chestnut Debut,GREEN BLAST,GLOW,,180,Joey Chestnut,0,
BL-G88,Bus,Jerome Bettis Debut,GREEN BLAST,GLOW,,180,Jerome Bettis,0,
BL-G89,Chicken Man,Wade Boggs Debut,GREEN BLAST,GLOW,,180,Wade Boggs,0,
BL-G90,HowBout'em,Jimmy Johnson Debut,GREEN BLAST,GLOW,,180,Jimmy Johnson,0,
BL-G91,Sea-Largent,Steve Largent Debut,GREEN BLAST,GLOW,,175,Steve Largent,0,
BL-G92,Howietzer,Howie Long Debut,GREEN BLAST,GLOW,,175,Howie Long,0,
BL-G93,Goggles,Eric Dickerson Debut,GREEN BLAST,GLOW,,175,Eric Dickerson,0,
BL-G94,Steady Eddie,Eddie George Debut,GREEN BLAST,GLOW,,175,Eddie George,0,
BL-G95,X.L.,Xavier Legette Alpha Update,GREEN BLAST,GLOW,,175,Xavier Legette,0,
BL-G96,Pet Dog,Ethan Petry Debut,GREEN BLAST,GLOW,,175,Ethan Petry,0,
BL-G97,Windmill,Dominique Wilkins Debut,GREEN BLAST,GLOW,,175,Dominique Wilkins,0,
BL-G98,Boom,Boomer Esiason Debut,GREEN BLAST,GLOW,,175,Boomer Esiason,0,
BL-G99,Cameleon,Cameron Brink Debut,GREEN BLAST,GLOW,,175,Cameron Brink,0,
BL-G100,Curaçao Kid,Anduw Jones Debut,GREEN BLAST,GLOW,,170,Anduw Jones,0,
BL-G101,Sterling,Sterling Sharpe Debut,GREEN BLAST,GLOW,,170,Sterling Sharpe,0,
BL-G102,Caveman,Johnny Damon Debut,GREEN BLAST,GLOW,,170,Johnny Damon,0,
BL-G103,Lady Magic,Nancy Lieberman Debut,GREEN BLAST,GLOW,,170,Nancy Lieberman,0,
BL-G104,Hoge-Ball,Merril Hoge Debut,GREEN BLAST,GLOW,,165,Merril Hoge,0,
BL-G105,InVinceable,Vince Young Debut,GREEN BLAST,GLOW,,165,Vince Young,0,
BL-G106,Slash,Kordell Stewart Debut,GREEN BLAST,GLOW,,165,Kordell Stewart,0,
BL-G107,Tikoff,Fred Biletnikoff Debut,GREEN BLAST,GLOW,,165,Fred Biletnikoff,0,
BL-G108,Bone,Jay Buhner Debut,GREEN BLAST,GLOW,,165,Jay Buhner,0,
BL-G109,Kurse,Jevon Kearse Debut,GREEN BLAST,GLOW,,160,Jevon Kearse,0,
BL-G110,Deep Freeze,George Gervin Debut,GREEN BLAST,GLOW,,160,George Gervin,0,
BL-G111,Woody,Darren Woodson Debut,GREEN BLAST,GLOW,,160,Darren Woodson,0,
BL-G112,Coopanova,Cynthia Cooper Debut,GREEN BLAST,GLOW,,160,Cynthia Cooper,0,
BL-G113,Hard-Drive,Tim Hardaway Debut,GREEN BLAST,GLOW,,160,Tim Hardaway,0,
BL-G114,BuckShot,Buck Showalter Debut,GREEN BLAST,GLOW,,160,Buck Showalter,0,
BL-G115,Haymaker,Spencer Haywood Debut,GREEN BLAST,GLOW,,160,Spencer Haywood,0,
BL-G116,Tank,Bo Said So,GREEN BLAST,GLOW,,190,Derrick Henry,0,
BL-G117,Skeee,First Edition,GREEN BLAST,GLOW,,185,Paul Skenes,0,
BL-G118,AJax,First Edition,GREEN BLAST,GLOW,,185,A'ja Wilson,0,
BL-G119,LeBoss,First Edition,GREEN BLAST,GLOW,,140,Lebron James,0,
BL-G120,Merlomes,First Edition,GREEN BLAST,GLOW,,140,Patrick Mahomes,0,
BL-G121,Chosen,First Edition,GREEN BLAST,GLOW,,140,Juan Soto,0,
BL-G122,Midas,First Edition,GREEN BLAST,GLOW,,140,Steph Curry,0,
BL-G123,Bison,First Edition,GREEN BLAST,GLOW,,140,Josh Allen,0,
BL-G124,Wargod,First Edition,GREEN BLAST,GLOW,,140,Mike Trout,0,
BL-G125,Donny Buckets,First Edition,GREEN BLAST,GLOW,,135,Luka Doncic,0,
BL-G126,Warp,First Edition,GREEN BLAST,GLOW,,135,Lamar Jackson,0,
BL-G127,Harpoon,First Edition,GREEN BLAST,GLOW,,135,Bryca Harper,0,
BL-G128,Mustang,First Edition,GREEN BLAST,GLOW,,135,Nikola Jokic,0,
BL-G129,Jaybird,First Edition,GREEN BLAST,GLOW,,135,Jayden Daniels,0,
BL-G130,J-Jetts,First Edition,GREEN BLAST,GLOW,,135,Justin Jefferson,0,
BL-G131,Merri-Go-Round,First Edition,GREEN BLAST,GLOW,,130,Jackson Marrill,0,
BL-G132,Shystep,First Edition,GREEN BLAST,GLOW,,130,Shai Gilgeous-Alexander,0,
BL-G133,Ram,First Edition,GREEN BLAST,GLOW,,130,Jose Ramirez,0,
BL-G134,Freakshow,First Edition,GREEN BLAST,GLOW,,130,Giannis Anteokounmpo,0,
BL-G135,Lightningrod,First Edition,GREEN BLAST,GLOW,,130,Julio Rodriguez,0,
BL-G136,Bayou,First Edition,GREEN BLAST,GLOW,,130,Ja'marr Chase,0,
BL-G137,McArmyKnife,First Edition,GREEN BLAST,GLOW,,125,Christian McCaffrey,0,
BL-G138,Tigre,First Edition,GREEN BLAST,GLOW,,125,Miguel Cabrera,0,
BL-G139,Cheetah,First Edition,GREEN BLAST,GLOW,,125,Tyreek Hill,0,
BL-G140,Spider,First Edition,GREEN BLAST,GLOW,,125,Donovan Mitchell,0,
BL-G141,Crews-Missle,First Edition,GREEN BLAST,GLOW,,125,Dylan Crews,0,
BL-G142,Unibrow,First Edition,GREEN BLAST,GLOW,,125,Anthony Davis,0,
BL-G143,Exterminaber,First Edition,GREEN BLAST,GLOW,,120,Malik Nabers,0,
BL-G144,Bomber,First Edition,GREEN BLAST,GLOW,,120,Jordan Alvarez,0,
BL-G145,Juice,First Edition,GREEN BLAST,GLOW,,120,Jaylen Brown,0,
BL-G146,Attak,First Edition,GREEN BLAST,GLOW,,120,Dak Prescott,0,
BL-G147,ChetMate,First Edition,GREEN BLAST,GLOW,,120,Chet Holmgren,0,
BL-G148,Phoenix,First Edition,GREEN BLAST,GLOW,,120,Bo Nix,0,
BL-G149,Lieutenant,First Edition,GREEN BLAST,GLOW,,115,Dansby Swanson,0,
BL-G150,Snowbear,First Edition,GREEN BLAST,GLOW,,115,Pete Alonso,0,
BL-G151,Boltage,First Edition,GREEN BLAST,GLOW,,115,Justin Herbert,0,
BL-G152,Librarian,First Edition,GREEN BLAST,GLOW,,115,Devin Booker,0,
BL-G153,Aeronaut,First Edition,GREEN BLAST,GLOW,,115,Nolan Arenado,0,
BL-G154,Sabotage,First Edition,GREEN BLAST,GLOW,,115,Domantas Sabonis,0,
BL-G155,Mic'd Up,First Edition,GREEN BLAST,GLOW,,110,MIke Evans,0,
BL-G156,Jambox,First Edition,GREEN BLAST,GLOW,,110,Ja Morant,0,
BL-G157,Simon Says,First Edition,GREEN BLAST,GLOW,,110,Anfernee Simons,0,
BL-G158,Mr. Irrelevant,First Edition,GREEN BLAST,GLOW,,110,Brock Purdy,0,
BL-G159,Pantera,First Edition,GREEN BLAST,GLOW,,110,Luis Robert Jr,0,
BL-G160,Rockstar,First Edition,GREEN BLAST,GLOW,,110,Jazz Chisholm,0,
BL-G161,Big-Z,First Edition,GREEN BLAST,GLOW,,105,Zion Williamson,0,
BL-G162,Clutch,First Edition,GREEN BLAST,GLOW,,105,Andrew McCutchen,0,
BL-G163,PukaDot,First Edition,GREEN BLAST,GLOW,,105,Puka Nacua,0,
BL-G164,Sprinkler,First Edition,GREEN BLAST,GLOW,,105,Luis Arraez,0,
BL-G165,Foxhole,First Edition,GREEN BLAST,GLOW,,105,De'Aaron Fox,0,
BL-G166,Thomstone,First Edition,GREEN BLAST,GLOW,,105,Brian Thomas Jr,0,
BL-G167,Botto,First Edition,GREEN BLAST,GLOW,,100,Joey Votto,0,
BL-G168,Lawman,First Edition,GREEN BLAST,GLOW,,100,Trevor Lawrence,0,
BL-G169,Barnacle,First Edition,GREEN BLAST,GLOW,,100,Scottie Barnes,0,
BL-G170,Laviathan,First Edition,GREEN BLAST,GLOW,,100,Zach Lavine,0,
BL-G171,Breeze,First Edition,GREEN BLAST,GLOW,,100,Breece Hall,0,
BL-G172,Gravedigger,First Edition,GREEN BLAST,GLOW,,100,Stefon Diggs,0,
BL-G173,D-Hop,First Edition,GREEN BLAST,GLOW,,95,Deandre Hopkins,0,
BL-G174,Alien,First Edition,GREEN BLAST,GLOW,,95,CJ Abrams,0,
BL-G175,Portalize,First Edition,GREEN BLAST,GLOW,,95,Sam Laporta,0,
BL-G176,Torque,First Edition,GREEN BLAST,GLOW,,95,Spencer Torkelson,0,
BL-G177,Risarcher,First Edition,GREEN BLAST,GLOW,,95,Zaccharie Risacher,0,
BL-G178,Sarrtillery,First Edition,GREEN BLAST,GLOW,,95,Alexandre Sarr,0,
Billy-25,Billy,First Edition,GREEN BLAST,GLOW,,190,Billy the Pug,0,
CJ-25,CJ Maddux,First Edition,GREEN BLAST,GLOW,,190,CJ Maddux,0,
BL-SK3,Bombeezy,Emillio Estevez Debut,GREEN BLAST,GLOW,,190,Emillio Estevez,0,
BL-B1,Bojax,Founding Hero,BLUE BLAST,ICE,,190,Bo Jackson,0,
BL-B2,A.I.,Allen Iverson Debut,BLUE BLAST,ICE,,185,Allen Iverson,0,
BL-B3,Young-Gunner,Steve Young Debut,BLUE BLAST,ICE,,185,Steve Young,0,
BL-B4,Leducky,Brandi Chastain Debut,BLUE BLAST,ICE,,185,Katie Ledecky,0,
BL-B5,Boz,Brian Bosworth Debut,BLUE BLAST,ICE,,180,Brian Bosworth,0,
BL-B6,Cruschman,Adley Rutshman Debut,BLUE BLAST,ICE,,180,Adley Rutschman,0,
BL-B7,Allenwrench,Marcus Allen Debut,BLUE BLAST,ICE,,180,Marcus Allen,0,
BL-B8,Star-Bach,Roger Staubach Debut,BLUE BLAST,ICE,,175,Roger Staubach,0,
BL-B9,Grand-Ma-Ma,Larry Johnson Debut,BLUE BLAST,ICE,,175,Larry Johnson,0,
BL-B10,Amon-Ra,Amon-Ra St. Brown Debut,BLUE BLAST,ICE,,175,Amon-Ra St. Brown,0,
BL-B11,Waddler,Jaylen Waddle Debut,BLUE BLAST,ICE,,165,Jaylen Waddle,0,
BL-B12,Donnie Baseball,Don Mattingly Debut,BLUE BLAST,ICE,,165,Don Mattingly,0,
BL-B13,Boshpit,Chris Bosh Debut,BLUE BLAST,ICE,,165,Chris Bosh,0,
BL-B14,Thurmanator,Thuman Thomas Debut,BLUE BLAST,ICE,,160,Thurman Thomas,0,
BL-B15,Flutie,Doug Flutie Debut,BLUE BLAST,ICE,,160,Doug Flutie,0,
BL-B16,Green-Machine,Jalen Green Debut,BLUE BLAST,ICE,,160,Jalen Green,0,
BL-B17,KAT,Karl-Anthony Towns Debut,BLUE BLAST,ICE,,160,Karl-Anthony Towns,0,
BL-B18,Mean-Joe,Joe Greene Debut,BLUE BLAST,ICE,,160,Mean Joe Greene,0,
BL-B19,Chief,Robert Parish Debut,BLUE BLAST,ICE,,160,Robert Parish,0,
BL-B20,Thrill,Will Clark Debut,BLUE BLAST,ICE,,155,Will Clark,0,
BL-B21,Frostebite,Trae Young Debut,BLUE BLAST,ICE,,155,Trae Young,0,
BL-B22,Blockhale,Kevin McHale Debut,BLUE BLAST,ICE,,155,Kevin Mchale,0,
BL-B23,Timmy,Tim Brown Debut,BLUE BLAST,ICE,,155,Tim Brown,0,
BL-B24,Palmer,Jim Palmer Debut,BLUE BLAST,ICE,,155,Jim Palmer,0,
BL-B25,Thighs Man,Joe Theisman,BLUE BLAST,ICE,,155,Joe Theismann,0,
BL-B26,Rodder,Rod Smith Debut,BLUE BLAST,ICE,,150,Rod Smith,0,
BL-B27,Awesome Dawson,Andre Dawson Debut,BLUE BLAST,ICE,,150,Andre Dawson,0,
BL-B28,Line-Art,Matt Leinart Debut,BLUE BLAST,ICE,,150,Matt Leinart,0,
BL-B29,Swoopes,Sheryl Swoopes Debut,BLUE BLAST,ICE,,150,Sheryl Swoopes,0,
BL-B30,Smoke,Dave Stewart Debut,BLUE BLAST,ICE,,150,Dave Stewart,0,
BL-B31,Man of Steal,Vince Coleman Debut,BLUE BLAST,ICE,,150,Vince Coleman,0,
BL-B32,Showtime,First Edition,BLUE BLAST,ICE,,135,Shohei Ohtani,0,
BL-B33,Matata,First Edition,BLUE BLAST,ICE,,135,Ronald Acuna Jr.,0,
BL-B34,Gaveler,First Edition,BLUE BLAST,ICE,,135,Aaron Judge,0,
BL-B35,Burrocious,First Edition,BLUE BLAST,ICE,,135,Joe Burrow,0,
BL-B36,Victory,First Edition,BLUE BLAST,ICE,,135,Victor Wembenyama,0,
BL-B37,Shrouded,First Edition,BLUE BLAST,ICE,,130,CJ Stroud,0,
BL-B38,Taze'em,First Edition,BLUE BLAST,ICE,,130,Jayson Tatum,0,
BL-B39,Caliber,First Edition,BLUE BLAST,ICE,,130,Caleb Williams,0,
BL-B40,C.C.,First Edition,BLUE BLAST,ICE,,130,Caitlin Clark,0,
BL-B41,Doublecheck,First Edition,BLUE BLAST,ICE,,130,Aaron Rodgers,0,
BL-B42,Cobra,First Edition,BLUE BLAST,ICE,,125,Kevin Durant,0,
BL-B43,Cruze-Control,First Edition,BLUE BLAST,ICE,,125,Elly De La Cruz,0,
BL-B44,Processor,First Edition,BLUE BLAST,ICE,,125,Joel Embiid,0,
BL-B45,Burner,First Edition,BLUE BLAST,ICE,,125,Jalen Brunson,0,
BL-B46,Cowboy,First Edition,BLUE BLAST,ICE,,125,Corey Seager,0,
BL-B47,Yeti,First Edition,BLUE BLAST,ICE,,120,Travis Kelce,0,
BL-B48,Tattoo,First Edition,BLUE BLAST,ICE,,120,Fernando Tatis Jr.,0,
BL-B49,Superbaby,First Edition,BLUE BLAST,ICE,,120,Rafael Devers,0,
BL-B50,Jeesaw,First Edition,BLUE BLAST,ICE,,120,Najee Harris,0,
BL-B51,Tongue-Twister,First Edition,BLUE BLAST,ICE,,120,Tua Tagovailoa,0,
BL-B52,Halo,First Edition,BLUE BLAST,ICE,,115,Angel Reese,0,
BL-B53,Eagle-Eye,First Edition,BLUE BLAST,ICE,,115,Jalen Hurts,0,
BL-B54,Turntable,First Edition,BLUE BLAST,ICE,,115,Trea Turner,0,
BL-B55,Bandelero,First Edition,BLUE BLAST,ICE,,115,Paolo Banchero,0,
BL-B56,Marverati,First Edition,BLUE BLAST,ICE,,115,Marvin Harrison Jr.,0,
BL-B57,Action,First Edition,BLUE BLAST,ICE,,110,Jackson Holliday,0,
BL-B58,Vampire,First Edition,BLUE BLAST,ICE,,110,Vladimir Guerrero Jr.,0,
BL-B59,Jeeves,First Edition,BLUE BLAST,ICE,,110,Jimmy Butler,0,
BL-B60,Carroller,First Edition,BLUE BLAST,ICE,,110,Corbin Carroll,0,
BL-B61,Draco,First Edition,BLUE BLAST,ICE,,110,Drake Maye,0,
BL-B62,Cha-Ching,First Edition,BLUE BLAST,ICE,,105,Jackson Chourio,0,
BL-B63,Time,First Edition,BLUE BLAST,ICE,,105,Damian Lillard,0,
BL-B64,Fungi,First Edition,BLUE BLAST,ICE,,105,Kawhi Leonard,0,
BL-B65,Wild Beard,First Edition,BLUE BLAST,ICE,,105,James Harden,0,
BL-B66,Shepherd,First Edition,BLUE BLAST,ICE,,105,Ceedee Lamb,0,
BL-B67,Ollie,First Edition,BLUE BLAST,ICE,,100,Matt Olson,0,
BL-B68,Tank,First Edition,BLUE BLAST,ICE,,100,Derrick Henry,0,
BL-B69,Grin,First Edition,BLUE BLAST,ICE,,100,Fracisco Lindor,0,
BL-B70,Bammer,First Edition,BLUE BLAST,ICE,,100,Bam Adebayo,0,
BL-B71,Barreler,First Edition,BLUE BLAST,ICE,,100,Cooper Kupp,0,
BL-B72,Cupid,First Edition,BLUE BLAST,ICE,,95,Jordan Love,0,
BL-B73,Javalanche,First Edition,BLUE BLAST,ICE,,95,Jamal Murray,0,
BL-B74,Bionic,First Edition,BLUE BLAST,ICE,,95,Carlos Correa,0,
BL-B75,Stitcher,First Edition,BLUE BLAST,ICE,,95,Jonathan Taylor,0,
BL-B76,Triple Threat,First Edition,BLUE BLAST,ICE,,95,Lamelo Ball,0,
BL-B77,BoJax,Founding Hero Alpha Update,BLUE BLAST,ICE,,190,Bo Jackson,0,
BL-B78,Magic,Magic Johnson Debut,BLUE BLAST,ICE,,185,Magic Johnson,0,
BL-B79,Emmitt-164,Emmitt Smith Debut,BLUE BLAST,ICE,,185,Emmitt Smith,0,
BL-B80,Marino,Dan Marino Debut,BLUE BLAST,ICE,,185,Dan Marino,0,
BL-B81,"Barry ""Cutback"" Sanders",Barry Sanders Debut,BLUE BLAST,ICE,,185,Barry Sanders,0,
BL-B82,Muggsy,Muggsy Bogues Debut,BLUE BLAST,ICE,,180,Muggsy Bogues,0,
BL-B83,Spudnick,Spudd Webb Debut,BLUE BLAST,ICE,,180,Spudd Webb,0,
BL-B84,The Ironman,Cal Ripkin JR Debut,BLUE BLAST,ICE,,180,Cal Ripkin JR,0,
BL-B85,Peek-A-Boo,Picabo Street Debut,BLUE BLAST,ICE,,180,Picabo Street,0,
BL-B86,Wizard,Ozzie Smith Debut,BLUE BLAST,ICE,,175,Ozzie Smith,0,
BL-B87,Joey Jawz,Joey Chestnut Debut,BLUE BLAST,ICE,,175,Joey Chestnut,0,
BL-B88,Bus,Jerome Bettis Debut,BLUE BLAST,ICE,,175,Jerome Bettis,0,
BL-B89,Chicken Man,Wade Boggs Debut,BLUE BLAST,ICE,,175,Wade Boggs,0,
BL-B90,HowBout'em,Jimmy Johnson Debut,BLUE BLAST,ICE,,175,Jimmy Johnson,0,
BL-B91,Sea-Largent,Steve Largent Debut,BLUE BLAST,ICE,,165,Steve Largent,0,
BL-B92,Howietzer,Howie Long Debut,BLUE BLAST,ICE,,165,Howie Long,0,
BL-B93,Goggles,Eric Dickerson Debut,BLUE BLAST,ICE,,165,Eric Dickerson,0,
BL-B94,Steady Eddie,Eddie George Debut,BLUE BLAST,ICE,,165,Eddie George,0,
BL-B95,X.L.,Xavier Legette Alpha Update,BLUE BLAST,ICE,,165,Xavier Legette,0,
BL-B96,Pet Dog,Ethan Petry Debut,BLUE BLAST,ICE,,165,Ethan Petry,0,
BL-B97,Windmill,Dominique Wilkins Debut,BLUE BLAST,ICE,,165,Dominique Wilkins,0,
BL-B98,Boom,Boomer Esiason Debut,BLUE BLAST,ICE,,165,Boomer Esiason,0,
BL-B99,Cameleon,Cameron Brink Debut,BLUE BLAST,ICE,,165,Cameron Brink,0,
BL-B100,Curaçao Kid,Anduw Jones Debut,BLUE BLAST,ICE,,160,Anduw Jones,0,
BL-B101,Sterling,Sterling Sharpe Debut,BLUE BLAST,ICE,,160,Sterling Sharpe,0,
BL-B102,Caveman,Johnny Damon Debut,BLUE BLAST,ICE,,160,Johnny Damon,0,
BL-B103,Lady Magic,Nancy Lieberman Debut,BLUE BLAST,ICE,,160,Nancy Lieberman,0,
BL-B104,Hoge-Ball,Merril Hoge Debut,BLUE BLAST,ICE,,155,Merril Hoge,0,
BL-B105,InVinceable,Vince Young Debut,BLUE BLAST,ICE,,155,Vince Young,0,
BL-B106,Slash,Kordell Stewart Debut,BLUE BLAST,ICE,,155,Kordell Stewart,0,
BL-B107,Tikoff,Fred Biletnikoff Debut,BLUE BLAST,ICE,,155,Fred Biletnikoff,0,
BL-B108,Bone,Jay Buhner Debut,BLUE BLAST,ICE,,155,Jay Buhner,0,
BL-B109,Kurse,Jevon Kearse Debut,BLUE BLAST,ICE,,150,Jevon Kearse,0,
BL-B110,Deep Freeze,George Gervin Debut,BLUE BLAST,ICE,,150,George Gervin,0,
BL-B111,Woody,Darren Woodson Debut,BLUE BLAST,ICE,,150,Darren Woodson,0,
BL-B112,Coopanova,Cynthia Cooper Debut,BLUE BLAST,ICE,,150,Cynthia Cooper,0,
BL-B113,Hard-Drive,Tim Hardaway Debut,BLUE BLAST,ICE,,150,Tim Hardaway,0,
BL-B114,BuckShot,Buck Showalter Debut,BLUE BLAST,ICE,,150,Buck Showalter,0,
BL-B115,Haymaker,Spencer Haywood Debut,BLUE BLAST,ICE,,150,Spencer Haywood,0,
BL-B116,Tank,Bo Said So,BLUE BLAST,ICE,,185,Derrick Henry,0,
BL-B117,Skeee,First Edition,BLUE BLAST,ICE,,180,Paul Skenes,0,
BL-B118,AJax,First Edition,BLUE BLAST,ICE,,180,A'ja Wilson,0,
BL-B119,LeBoss,First Edition,BLUE BLAST,ICE,,135,Lebron James,0,
BL-B120,Merlomes,First Edition,BLUE BLAST,ICE,,135,Patrick Mahomes,0,
BL-B121,Chosen,First Edition,BLUE BLAST,ICE,,135,Juan Soto,0,
BL-B122,Midas,First Edition,BLUE BLAST,ICE,,135,Steph Curry,0,
BL-B123,Bison,First Edition,BLUE BLAST,ICE,,135,Josh Allen,0,
BL-B124,Wargod,First Edition,BLUE BLAST,ICE,,135,Mike Trout,0,
BL-B125,Donny Buckets,First Edition,BLUE BLAST,ICE,,130,Luka Doncic,0,
BL-B126,Warp,First Edition,BLUE BLAST,ICE,,130,Lamar Jackson,0,
BL-B127,Harpoon,First Edition,BLUE BLAST,ICE,,130,Bryca Harper,0,
BL-B128,Mustang,First Edition,BLUE BLAST,ICE,,130,Nikola Jokic,0,
BL-B129,Jaybird,First Edition,BLUE BLAST,ICE,,130,Jayden Daniels,0,
BL-B130,J-Jetts,First Edition,BLUE BLAST,ICE,,130,Justin Jefferson,0,
BL-B131,Merri-Go-Round,First Edition,BLUE BLAST,ICE,,125,Jackson Marrill,0,
BL-B132,Shystep,First Edition,BLUE BLAST,ICE,,125,Shai Gilgeous-Alexander,0,
BL-B133,Ram,First Edition,BLUE BLAST,ICE,,125,Jose Ramirez,0,
BL-B134,Freakshow,First Edition,BLUE BLAST,ICE,,125,Giannis Anteokounmpo,0,
BL-B135,Lightningrod,First Edition,BLUE BLAST,ICE,,125,Julio Rodriguez,0,
BL-B136,Bayou,First Edition,BLUE BLAST,ICE,,125,Ja'marr Chase,0,
BL-B137,McArmyKnife,First Edition,BLUE BLAST,ICE,,120,Christian McCaffrey,0,
BL-B138,Tigre,First Edition,BLUE BLAST,ICE,,120,Miguel Cabrera,0,
BL-B139,Cheetah,First Edition,BLUE BLAST,ICE,,120,Tyreek Hill,0,
BL-B140,Spider,First Edition,BLUE BLAST,ICE,,120,Donovan Mitchell,0,
BL-B141,Crews-Missle,First Edition,BLUE BLAST,ICE,,120,Dylan Crews,0,
BL-B142,Unibrow,First Edition,BLUE BLAST,ICE,,120,Anthony Davis,0,
BL-B143,Exterminaber,First Edition,BLUE BLAST,ICE,,115,Malik Nabers,0,
BL-B144,Bomber,First Edition,BLUE BLAST,ICE,,115,Jordan Alvarez,0,
BL-B145,Juice,First Edition,BLUE BLAST,ICE,,115,Jaylen Brown,0,
BL-B146,Attak,First Edition,BLUE BLAST,ICE,,115,Dak Prescott,0,
BL-B147,ChetMate,First Edition,BLUE BLAST,ICE,,115,Chet Holmgren,0,
BL-B148,Phoenix,First Edition,BLUE BLAST,ICE,,115,Bo Nix,0,
BL-B149,Lieutenant,First Edition,BLUE BLAST,ICE,,110,Dansby Swanson,0,
BL-B150,Snowbear,First Edition,BLUE BLAST,ICE,,110,Pete Alonso,0,
BL-B151,Boltage,First Edition,BLUE BLAST,ICE,,110,Justin Herbert,0,
BL-B152,Librarian,First Edition,BLUE BLAST,ICE,,110,Devin Booker,0,
BL-B153,Aeronaut,First Edition,BLUE BLAST,ICE,,110,Nolan Arenado,0,
BL-B154,Sabotage,First Edition,BLUE BLAST,ICE,,110,Domantas Sabonis,0,
BL-B155,Mic'd Up,First Edition,BLUE BLAST,ICE,,105,MIke Evans,0,
BL-B156,Jambox,First Edition,BLUE BLAST,ICE,,105,Ja Morant,0,
BL-B157,Simon Says,First Edition,BLUE BLAST,ICE,,105,Anfernee Simons,0,
BL-B158,Mr. Irrelevant,First Edition,BLUE BLAST,ICE,,105,Brock Purdy,0,
BL-B159,Pantera,First Edition,BLUE BLAST,ICE,,105,Luis Robert Jr,0,
BL-B160,Rockstar,First Edition,BLUE BLAST,ICE,,105,Jazz Chisholm,0,
BL-B161,Big-Z,First Edition,BLUE BLAST,ICE,,100,Zion Williamson,0,
BL-B162,Clutch,First Edition,BLUE BLAST,ICE,,100,Andrew McCutchen,0,
BL-B163,PukaDot,First Edition,BLUE BLAST,ICE,,100,Puka Nacua,0,
BL-B164,Sprinkler,First Edition,BLUE BLAST,ICE,,100,Luis Arraez,0,
BL-B165,Foxhole,First Edition,BLUE BLAST,ICE,,100,De'Aaron Fox,0,
BL-B166,Thomstone,First Edition,BLUE BLAST,ICE,,100,Brian Thomas Jr,0,
BL-B167,Botto,First Edition,BLUE BLAST,ICE,,95,Joey Votto,0,
BL-B168,Lawman,First Edition,BLUE BLAST,ICE,,95,Trevor Lawrence,0,
BL-B169,Barnacle,First Edition,BLUE BLAST,ICE,,95,Scottie Barnes,0,
BL-B170,Laviathan,First Edition,BLUE BLAST,ICE,,95,Zach Lavine,0,
BL-B171,Breeze,First Edition,BLUE BLAST,ICE,,95,Breece Hall,0,
BL-B172,Gravedigger,First Edition,BLUE BLAST,ICE,,95,Stefon Diggs,0,
BL-B173,D-Hop,First Edition,BLUE BLAST,ICE,,90,Deandre Hopkins,0,
BL-B174,Alien,First Edition,BLUE BLAST,ICE,,90,CJ Abrams,0,
BL-B175,Portalize,First Edition,BLUE BLAST,ICE,,90,Sam Laporta,0,
BL-B176,Torque,First Edition,BLUE BLAST,ICE,,90,Spencer Torkelson,0,
BL-B177,Risarcher,First Edition,BLUE BLAST,ICE,,90,Zaccharie Risacher,0,
BL-B178,Sarrtillery,First Edition,BLUE BLAST,ICE,,90,Alexandre Sarr,0,
Billy-26,Billy,First Edition,BLUE BLAST,ICE,,185,Billy the Pug,0,
CJ-26,CJ Maddux,First Edition,BLUE BLAST,ICE,,185,CJ Maddux,0,
BL-SK4,Bombeezy,Emillio Estevez Debut,BLUE BLAST,ICE,,185,Emillio Estevez,0,
BL-O1,Bojax,Founding Hero,ORANGE BLAST,FIRE,,190,Bo Jackson,0,
BL-O2,A.I.,Allen Iverson Debut,ORANGE BLAST,FIRE,,185,Allen Iverson,0,
BL-O3,Young-Gunner,Steve Young Debut,ORANGE BLAST,FIRE,,185,Steve Young,0,
BL-O4,Leducky,Brandi Chastain Debut,ORANGE BLAST,FIRE,,185,Katie Ledecky,0,
BL-O5,Boz,Brian Bosworth Debut,ORANGE BLAST,FIRE,,180,Brian Bosworth,0,
BL-O6,Cruschman,Adley Rutshman Debut,ORANGE BLAST,FIRE,,180,Adley Rutschman,0,
BL-O7,Allenwrench,Marcus Allen Debut,ORANGE BLAST,FIRE,,180,Marcus Allen,0,
BL-O8,Star-Bach,Roger Staubach Debut,ORANGE BLAST,FIRE,,175,Roger Staubach,0,
BL-O9,Grand-Ma-Ma,Larry Johnson Debut,ORANGE BLAST,FIRE,,175,Larry Johnson,0,
BL-O10,Amon-Ra,Amon-Ra St. Brown Debut,ORANGE BLAST,FIRE,,175,Amon-Ra St. Brown,0,
BL-O11,Waddler,Jaylen Waddle Debut,ORANGE BLAST,FIRE,,165,Jaylen Waddle,0,
BL-O12,Donnie Baseball,Don Mattingly Debut,ORANGE BLAST,FIRE,,165,Don Mattingly,0,
BL-O13,Boshpit,Chris Bosh Debut,ORANGE BLAST,FIRE,,165,Chris Bosh,0,
BL-O14,Thurmanator,Thuman Thomas Debut,ORANGE BLAST,FIRE,,160,Thurman Thomas,0,
BL-O15,Flutie,Doug Flutie Debut,ORANGE BLAST,FIRE,,160,Doug Flutie,0,
BL-O16,Green-Machine,Jalen Green Debut,ORANGE BLAST,FIRE,,160,Jalen Green,0,
BL-O17,KAT,Karl-Anthony Towns Debut,ORANGE BLAST,FIRE,,160,Karl-Anthony Towns,0,
BL-O18,Mean-Joe,Joe Greene Debut,ORANGE BLAST,FIRE,,160,Mean Joe Greene,0,
BL-O19,Chief,Robert Parish Debut,ORANGE BLAST,FIRE,,160,Robert Parish,0,
BL-O20,Thrill,Will Clark Debut,ORANGE BLAST,FIRE,,155,Will Clark,0,
BL-O21,Frostebite,Trae Young Debut,ORANGE BLAST,FIRE,,155,Trae Young,0,
BL-O22,Blockhale,Kevin McHale Debut,ORANGE BLAST,FIRE,,155,Kevin Mchale,0,
BL-O23,Timmy,Tim Brown Debut,ORANGE BLAST,FIRE,,155,Tim Brown,0,
BL-O24,Palmer,Jim Palmer Debut,ORANGE BLAST,FIRE,,155,Jim Palmer,0,
BL-O25,Thighs Man,Joe Theisman,ORANGE BLAST,FIRE,,155,Joe Theismann,0,
BL-O26,Rodder,Rod Smith Debut,ORANGE BLAST,FIRE,,150,Rod Smith,0,
BL-O27,Awesome Dawson,Andre Dawson Debut,ORANGE BLAST,FIRE,,150,Andre Dawson,0,
BL-O28,Line-Art,Matt Leinart Debut,ORANGE BLAST,FIRE,,150,Matt Leinart,0,
BL-O29,Swoopes,Sheryl Swoopes Debut,ORANGE BLAST,FIRE,,150,Sheryl Swoopes,0,
BL-O30,Smoke,Dave Stewart Debut,ORANGE BLAST,FIRE,,150,Dave Stewart,0,
BL-O31,Man of Steal,Vince Coleman Debut,ORANGE BLAST,FIRE,,150,Vince Coleman,0,
BL-O32,Showtime,First Edition,ORANGE BLAST,FIRE,,135,Shohei Ohtani,0,
BL-O33,Matata,First Edition,ORANGE BLAST,FIRE,,135,Ronald Acuna Jr.,0,
BL-O34,Gaveler,First Edition,ORANGE BLAST,FIRE,,135,Aaron Judge,0,
BL-O35,Burrocious,First Edition,ORANGE BLAST,FIRE,,135,Joe Burrow,0,
BL-O36,Victory,First Edition,ORANGE BLAST,FIRE,,135,Victor Wembenyama,0,
BL-O37,Shrouded,First Edition,ORANGE BLAST,FIRE,,130,CJ Stroud,0,
BL-O38,Taze'em,First Edition,ORANGE BLAST,FIRE,,130,Jayson Tatum,0,
BL-O39,Caliber,First Edition,ORANGE BLAST,FIRE,,130,Caleb Williams,0,
BL-O40,C.C.,First Edition,ORANGE BLAST,FIRE,,130,Caitlin Clark,0,
BL-O41,Doublecheck,First Edition,ORANGE BLAST,FIRE,,130,Aaron Rodgers,0,
BL-O42,Cobra,First Edition,ORANGE BLAST,FIRE,,125,Kevin Durant,0,
BL-O43,Cruze-Control,First Edition,ORANGE BLAST,FIRE,,125,Elly De La Cruz,0,
BL-O44,Processor,First Edition,ORANGE BLAST,FIRE,,125,Joel Embiid,0,
BL-O45,Burner,First Edition,ORANGE BLAST,FIRE,,125,Jalen Brunson,0,
BL-O46,Cowboy,First Edition,ORANGE BLAST,FIRE,,125,Corey Seager,0,
BL-O47,Yeti,First Edition,ORANGE BLAST,FIRE,,120,Travis Kelce,0,
BL-O48,Tattoo,First Edition,ORANGE BLAST,FIRE,,120,Fernando Tatis Jr.,0,
BL-O49,Superbaby,First Edition,ORANGE BLAST,FIRE,,120,Rafael Devers,0,
BL-O50,Jeesaw,First Edition,ORANGE BLAST,FIRE,,120,Najee Harris,0,
BL-O51,Tongue-Twister,First Edition,ORANGE BLAST,FIRE,,120,Tua Tagovailoa,0,
BL-O52,Halo,First Edition,ORANGE BLAST,FIRE,,115,Angel Reese,0,
BL-O53,Eagle-Eye,First Edition,ORANGE BLAST,FIRE,,115,Jalen Hurts,0,
BL-O54,Turntable,First Edition,ORANGE BLAST,FIRE,,115,Trea Turner,0,
BL-O55,Bandelero,First Edition,ORANGE BLAST,FIRE,,115,Paolo Banchero,0,
BL-O56,Marverati,First Edition,ORANGE BLAST,FIRE,,115,Marvin Harrison Jr.,0,
BL-O57,Action,First Edition,ORANGE BLAST,FIRE,,110,Jackson Holliday,0,
BL-O58,Vampire,First Edition,ORANGE BLAST,FIRE,,110,Vladimir Guerrero Jr.,0,
BL-O59,Jeeves,First Edition,ORANGE BLAST,FIRE,,110,Jimmy Butler,0,
BL-O60,Carroller,First Edition,ORANGE BLAST,FIRE,,110,Corbin Carroll,0,
BL-O61,Draco,First Edition,ORANGE BLAST,FIRE,,110,Drake Maye,0,
BL-O62,Cha-Ching,First Edition,ORANGE BLAST,FIRE,,105,Jackson Chourio,0,
BL-O63,Time,First Edition,ORANGE BLAST,FIRE,,105,Damian Lillard,0,
BL-O64,Fungi,First Edition,ORANGE BLAST,FIRE,,105,Kawhi Leonard,0,
BL-O65,Wild Beard,First Edition,ORANGE BLAST,FIRE,,105,James Harden,0,
BL-O66,Shepherd,First Edition,ORANGE BLAST,FIRE,,105,Ceedee Lamb,0,
BL-O67,Ollie,First Edition,ORANGE BLAST,FIRE,,100,Matt Olson,0,
BL-O68,Tank,First Edition,ORANGE BLAST,FIRE,,100,Derrick Henry,0,
BL-O69,Grin,First Edition,ORANGE BLAST,FIRE,,100,Fracisco Lindor,0,
BL-O70,Bammer,First Edition,ORANGE BLAST,FIRE,,100,Bam Adebayo,0,
BL-O71,Barreler,First Edition,ORANGE BLAST,FIRE,,100,Cooper Kupp,0,
BL-O72,Cupid,First Edition,ORANGE BLAST,FIRE,,95,Jordan Love,0,
BL-O73,Javalanche,First Edition,ORANGE BLAST,FIRE,,95,Jamal Murray,0,
BL-O74,Bionic,First Edition,ORANGE BLAST,FIRE,,95,Carlos Correa,0,
BL-O75,Stitcher,First Edition,ORANGE BLAST,FIRE,,95,Jonathan Taylor,0,
BL-O76,Triple Threat,First Edition,ORANGE BLAST,FIRE,,95,Lamelo Ball,0,
BL-O77,BoJax,Founding Hero Alpha Update,ORANGE BLAST,FIRE,,190,Bo Jackson,0,
BL-O78,Magic,Magic Johnson Debut,ORANGE BLAST,FIRE,,185,Magic Johnson,0,
BL-O79,Emmitt-164,Emmitt Smith Debut,ORANGE BLAST,FIRE,,185,Emmitt Smith,0,
BL-O80,Marino,Dan Marino Debut,ORANGE BLAST,FIRE,,185,Dan Marino,0,
BL-O81,"Barry ""Cutback"" Sanders",Barry Sanders Debut,ORANGE BLAST,FIRE,,185,Barry Sanders,0,
BL-O82,Muggsy,Muggsy Bogues Debut,ORANGE BLAST,FIRE,,180,Muggsy Bogues,0,
BL-O83,Spudnick,Spudd Webb Debut,ORANGE BLAST,FIRE,,180,Spudd Webb,0,
BL-O84,The Ironman,Cal Ripkin JR Debut,ORANGE BLAST,FIRE,,180,Cal Ripkin JR,0,
BL-O85,Peek-A-Boo,Picabo Street Debut,ORANGE BLAST,FIRE,,180,Picabo Street,0,
BL-O86,Wizard,Ozzie Smith Debut,ORANGE BLAST,FIRE,,175,Ozzie Smith,0,
BL-O87,Joey Jawz,Joey Chestnut Debut,ORANGE BLAST,FIRE,,175,Joey Chestnut,0,
BL-O88,Bus,Jerome Bettis Debut,ORANGE BLAST,FIRE,,175,Jerome Bettis,0,
BL-O89,Chicken Man,Wade Boggs Debut,ORANGE BLAST,FIRE,,175,Wade Boggs,0,
BL-O90,HowBout'em,Jimmy Johnson Debut,ORANGE BLAST,FIRE,,175,Jimmy Johnson,0,
BL-O91,Sea-Largent,Steve Largent Debut,ORANGE BLAST,FIRE,,165,Steve Largent,0,
BL-O92,Howietzer,Howie Long Debut,ORANGE BLAST,FIRE,,165,Howie Long,0,
BL-O93,Goggles,Eric Dickerson Debut,ORANGE BLAST,FIRE,,165,Eric Dickerson,0,
BL-O94,Steady Eddie,Eddie George Debut,ORANGE BLAST,FIRE,,165,Eddie George,0,
BL-O95,X.L.,Xavier Legette Alpha Update,ORANGE BLAST,FIRE,,165,Xavier Legette,0,
BL-O96,Pet Dog,Ethan Petry Debut,ORANGE BLAST,FIRE,,165,Ethan Petry,0,
BL-O97,Windmill,Dominique Wilkins Debut,ORANGE BLAST,FIRE,,165,Dominique Wilkins,0,
BL-O98,Boom,Boomer Esiason Debut,ORANGE BLAST,FIRE,,165,Boomer Esiason,0,
BL-O99,Cameleon,Cameron Brink Debut,ORANGE BLAST,FIRE,,165,Cameron Brink,0,
BL-O100,Curaçao Kid,Anduw Jones Debut,ORANGE BLAST,FIRE,,160,Anduw Jones,0,
BL-O101,Sterling,Sterling Sharpe Debut,ORANGE BLAST,FIRE,,160,Sterling Sharpe,0,
BL-O102,Caveman,Johnny Damon Debut,ORANGE BLAST,FIRE,,160,Johnny Damon,0,
BL-O103,Lady Magic,Nancy Lieberman Debut,ORANGE BLAST,FIRE,,160,Nancy Lieberman,0,
BL-O104,Hoge-Ball,Merril Hoge Debut,ORANGE BLAST,FIRE,,155,Merril Hoge,0,
BL-O105,InVinceable,Vince Young Debut,ORANGE BLAST,FIRE,,155,Vince Young,0,
BL-O106,Slash,Kordell Stewart Debut,ORANGE BLAST,FIRE,,155,Kordell Stewart,0,
BL-O107,Tikoff,Fred Biletnikoff Debut,ORANGE BLAST,FIRE,,155,Fred Biletnikoff,0,
BL-O108,Bone,Jay Buhner Debut,ORANGE BLAST,FIRE,,155,Jay Buhner,0,
BL-O109,Kurse,Jevon Kearse Debut,ORANGE BLAST,FIRE,,150,Jevon Kearse,0,
BL-O110,Deep Freeze,George Gervin Debut,ORANGE BLAST,FIRE,,150,George Gervin,0,
BL-O111,Woody,Darren Woodson Debut,ORANGE BLAST,FIRE,,150,Darren Woodson,0,
BL-O112,Coopanova,Cynthia Cooper Debut,ORANGE BLAST,FIRE,,150,Cynthia Cooper,0,
BL-O113,Hard-Drive,Tim Hardaway Debut,ORANGE BLAST,FIRE,,150,Tim Hardaway,0,
BL-O114,BuckShot,Buck Showalter Debut,ORANGE BLAST,FIRE,,150,Buck Showalter,0,
BL-O115,Haymaker,Spencer Haywood Debut,ORANGE BLAST,FIRE,,150,Spencer Haywood,0,
BL-O116,Tank,Bo Said So,ORANGE BLAST,FIRE,,185,Derrick Henry,0,
BL-O117,Skeee,First Edition,ORANGE BLAST,FIRE,,180,Paul Skenes,0,
BL-O118,AJax,First Edition,ORANGE BLAST,FIRE,,180,A'ja Wilson,0,
BL-O119,LeBoss,First Edition,ORANGE BLAST,FIRE,,135,Lebron James,0,
BL-O120,Merlomes,First Edition,ORANGE BLAST,FIRE,,135,Patrick Mahomes,0,
BL-O121,Chosen,First Edition,ORANGE BLAST,FIRE,,135,Juan Soto,0,
BL-O122,Midas,First Edition,ORANGE BLAST,FIRE,,135,Steph Curry,0,
BL-O123,Bison,First Edition,ORANGE BLAST,FIRE,,135,Josh Allen,0,
BL-O124,Wargod,First Edition,ORANGE BLAST,FIRE,,135,Mike Trout,0,
BL-O125,Donny Buckets,First Edition,ORANGE BLAST,FIRE,,130,Luka Doncic,0,
BL-O126,Warp,First Edition,ORANGE BLAST,FIRE,,130,Lamar Jackson,0,
BL-O127,Harpoon,First Edition,ORANGE BLAST,FIRE,,130,Bryca Harper,0,
BL-O128,Mustang,First Edition,ORANGE BLAST,FIRE,,130,Nikola Jokic,0,
BL-O129,Jaybird,First Edition,ORANGE BLAST,FIRE,,130,Jayden Daniels,0,
BL-O130,J-Jetts,First Edition,ORANGE BLAST,FIRE,,130,Justin Jefferson,0,
BL-O131,Merri-Go-Round,First Edition,ORANGE BLAST,FIRE,,125,Jackson Marrill,0,
BL-O132,Shystep,First Edition,ORANGE BLAST,FIRE,,125,Shai Gilgeous-Alexander,0,
BL-O133,Ram,First Edition,ORANGE BLAST,FIRE,,125,Jose Ramirez,0,
BL-O134,Freakshow,First Edition,ORANGE BLAST,FIRE,,125,Giannis Anteokounmpo,0,
BL-O135,Lightningrod,First Edition,ORANGE BLAST,FIRE,,125,Julio Rodriguez,0,
BL-O136,Bayou,First Edition,ORANGE BLAST,FIRE,,125,Ja'marr Chase,0,
BL-O137,McArmyKnife,First Edition,ORANGE BLAST,FIRE,,120,Christian McCaffrey,0,
BL-O138,Tigre,First Edition,ORANGE BLAST,FIRE,,120,Miguel Cabrera,0,
BL-O139,Cheetah,First Edition,ORANGE BLAST,FIRE,,120,Tyreek Hill,0,
BL-O140,Spider,First Edition,ORANGE BLAST,FIRE,,120,Donovan Mitchell,0,
BL-O141,Crews-Missle,First Edition,ORANGE BLAST,FIRE,,120,Dylan Crews,0,
BL-O142,Unibrow,First Edition,ORANGE BLAST,FIRE,,120,Anthony Davis,0,
BL-O143,Exterminaber,First Edition,ORANGE BLAST,FIRE,,115,Malik Nabers,0,
BL-O144,Bomber,First Edition,ORANGE BLAST,FIRE,,115,Jordan Alvarez,0,
BL-O145,Juice,First Edition,ORANGE BLAST,FIRE,,115,Jaylen Brown,0,
BL-O146,Attak,First Edition,ORANGE BLAST,FIRE,,115,Dak Prescott,0,
BL-O147,ChetMate,First Edition,ORANGE BLAST,FIRE,,115,Chet Holmgren,0,
BL-O148,Phoenix,First Edition,ORANGE BLAST,FIRE,,115,Bo Nix,0,
BL-O149,Lieutenant,First Edition,ORANGE BLAST,FIRE,,110,Dansby Swanson,0,
BL-O150,Snowbear,First Edition,ORANGE BLAST,FIRE,,110,Pete Alonso,0,
BL-O151,Boltage,First Edition,ORANGE BLAST,FIRE,,110,Justin Herbert,0,
BL-O152,Librarian,First Edition,ORANGE BLAST,FIRE,,110,Devin Booker,0,
BL-O153,Aeronaut,First Edition,ORANGE BLAST,FIRE,,110,Nolan Arenado,0,
BL-O154,Sabotage,First Edition,ORANGE BLAST,FIRE,,110,Domantas Sabonis,0,
BL-O155,Mic'd Up,First Edition,ORANGE BLAST,FIRE,,105,MIke Evans,0,
BL-O156,Jambox,First Edition,ORANGE BLAST,FIRE,,105,Ja Morant,0,
BL-O157,Simon Says,First Edition,ORANGE BLAST,FIRE,,105,Anfernee Simons,0,
BL-O158,Mr. Irrelevant,First Edition,ORANGE BLAST,FIRE,,105,Brock Purdy,0,
BL-O159,Pantera,First Edition,ORANGE BLAST,FIRE,,105,Luis Robert Jr,0,
BL-O160,Rockstar,First Edition,ORANGE BLAST,FIRE,,105,Jazz Chisholm,0,
BL-O161,Big-Z,First Edition,ORANGE BLAST,FIRE,,100,Zion Williamson,0,
BL-O162,Clutch,First Edition,ORANGE BLAST,FIRE,,100,Andrew McCutchen,0,
BL-O163,PukaDot,First Edition,ORANGE BLAST,FIRE,,100,Puka Nacua,0,
BL-O164,Sprinkler,First Edition,ORANGE BLAST,FIRE,,100,Luis Arraez,0,
BL-O165,Foxhole,First Edition,ORANGE BLAST,FIRE,,100,De'Aaron Fox,0,
BL-O166,Thomstone,First Edition,ORANGE BLAST,FIRE,,100,Brian Thomas Jr,0,
BL-O167,Botto,First Edition,ORANGE BLAST,FIRE,,95,Joey Votto,0,
BL-O168,Lawman,First Edition,ORANGE BLAST,FIRE,,95,Trevor Lawrence,0,
BL-O169,Barnacle,First Edition,ORANGE BLAST,FIRE,,95,Scottie Barnes,0,
BL-O170,Laviathan,First Edition,ORANGE BLAST,FIRE,,95,Zach Lavine,0,
BL-O171,Breeze,First Edition,ORANGE BLAST,FIRE,,95,Breece Hall,0,
BL-O172,Gravedigger,First Edition,ORANGE BLAST,FIRE,,95,Stefon Diggs,0,
BL-O173,D-Hop,First Edition,ORANGE BLAST,FIRE,,90,Deandre Hopkins,0,
BL-O174,Alien,First Edition,ORANGE BLAST,FIRE,,90,CJ Abrams,0,
BL-O175,Portalize,First Edition,ORANGE BLAST,FIRE,,90,Sam Laporta,0,
BL-O176,Torque,First Edition,ORANGE BLAST,FIRE,,90,Spencer Torkelson,0,
BL-O177,Risarcher,First Edition,ORANGE BLAST,FIRE,,90,Zaccharie Risacher,0,
BL-O178,Sarrtillery,First Edition,ORANGE BLAST,FIRE,,90,Alexandre Sarr,0,
Billy-27,Billy,First Edition,ORANGE BLAST,FIRE,,185,Billy the Pug,0,
CJ-27,CJ Maddux,First Edition,ORANGE BLAST,FIRE,,185,CJ Maddux,0,
BL-SK5,Bombeezy,Emillio Estevez Debut,ORANGE BLAST,FIRE,,185,Emillio Estevez,0,
BL-S1,Bojax,Founding Hero,SILVER BLAST,STEEL,,185,Bo Jackson,0,
BL-S2,A.I.,Allen Iverson Debut,SILVER BLAST,STEEL,,170,Allen Iverson,0,
BL-S3,Young-Gunner,Steve Young Debut,SILVER BLAST,STEEL,,170,Steve Young,0,
BL-S4,Leducky,Brandi Chastain Debut,SILVER BLAST,STEEL,,170,Katie Ledecky,0,
BL-S5,Boz,Brian Bosworth Debut,SILVER BLAST,STEEL,,165,Brian Bosworth,0,
BL-S6,Cruschman,Adley Rutshman Debut,SILVER BLAST,STEEL,,165,Adley Rutschman,0,
BL-S7,Allenwrench,Marcus Allen Debut,SILVER BLAST,STEEL,,165,Marcus Allen,0,
BL-S8,Star-Bach,Roger Staubach Debut,SILVER BLAST,STEEL,,160,Roger Staubach,0,
BL-S9,Grand-Ma-Ma,Larry Johnson Debut,SILVER BLAST,STEEL,,160,Larry Johnson,0,
BL-S10,Amon-Ra,Amon-Ra St. Brown Debut,SILVER BLAST,STEEL,,160,Amon-Ra St. Brown,0,
BL-S11,Waddler,Jaylen Waddle Debut,SILVER BLAST,STEEL,,155,Jaylen Waddle,0,
BL-S12,Donnie Baseball,Don Mattingly Debut,SILVER BLAST,STEEL,,155,Don Mattingly,0,
BL-S13,Boshpit,Chris Bosh Debut,SILVER BLAST,STEEL,,155,Chris Bosh,0,
BL-S14,Thurmanator,Thuman Thomas Debut,SILVER BLAST,STEEL,,150,Thurman Thomas,0,
BL-S15,Flutie,Doug Flutie Debut,SILVER BLAST,STEEL,,150,Doug Flutie,0,
BL-S16,Green-Machine,Jalen Green Debut,SILVER BLAST,STEEL,,150,Jalen Green,0,
BL-S17,KAT,Karl-Anthony Towns Debut,SILVER BLAST,STEEL,,150,Karl-Anthony Towns,0,
BL-S18,Mean-Joe,Joe Greene Debut,SILVER BLAST,STEEL,,150,Mean Joe Greene,0,
BL-S19,Chief,Robert Parish Debut,SILVER BLAST,STEEL,,150,Robert Parish,0,
BL-S20,Thrill,Will Clark Debut,SILVER BLAST,STEEL,,145,Will Clark,0,
BL-S21,Frostebite,Trae Young Debut,SILVER BLAST,STEEL,,145,Trae Young,0,
BL-S22,Blockhale,Kevin McHale Debut,SILVER BLAST,STEEL,,145,Kevin Mchale,0,
BL-S23,Timmy,Tim Brown Debut,SILVER BLAST,STEEL,,145,Tim Brown,0,
BL-S24,Palmer,Jim Palmer Debut,SILVER BLAST,STEEL,,145,Jim Palmer,0,
BL-S25,Thighs Man,Joe Theisman,SILVER BLAST,STEEL,,145,Joe Theismann,0,
BL-S26,Rodder,Rod Smith Debut,SILVER BLAST,STEEL,,140,Rod Smith,0,
BL-S27,Awesome Dawson,Andre Dawson Debut,SILVER BLAST,STEEL,,140,Andre Dawson,0,
BL-S28,Line-Art,Matt Leinart Debut,SILVER BLAST,STEEL,,140,Matt Leinart,0,
BL-S29,Swoopes,Sheryl Swoopes Debut,SILVER BLAST,STEEL,,140,Sheryl Swoopes,0,
BL-S30,Smoke,Dave Stewart Debut,SILVER BLAST,STEEL,,140,Dave Stewart,0,
BL-S31,Man of Steal,Vince Coleman Debut,SILVER BLAST,STEEL,,140,Vince Coleman,0,
BL-S32,Showtime,First Edition,SILVER BLAST,STEEL,,130,Shohei Ohtani,0,
BL-S33,Matata,First Edition,SILVER BLAST,STEEL,,130,Ronald Acuna Jr.,0,
BL-S34,Gaveler,First Edition,SILVER BLAST,STEEL,,130,Aaron Judge,0,
BL-S35,Burrocious,First Edition,SILVER BLAST,STEEL,,130,Joe Burrow,0,
BL-S36,Victory,First Edition,SILVER BLAST,STEEL,,130,Victor Wembenyama,0,
BL-S37,Shrouded,First Edition,SILVER BLAST,STEEL,,125,CJ Stroud,0,
BL-S38,Taze'em,First Edition,SILVER BLAST,STEEL,,125,Jayson Tatum,0,
BL-S39,Caliber,First Edition,SILVER BLAST,STEEL,,125,Caleb Williams,0,
BL-S40,C.C.,First Edition,SILVER BLAST,STEEL,,125,Caitlin Clark,0,
BL-S41,Doublecheck,First Edition,SILVER BLAST,STEEL,,125,Aaron Rodgers,0,
BL-S42,Cobra,First Edition,SILVER BLAST,STEEL,,120,Kevin Durant,0,
BL-S43,Cruze-Control,First Edition,SILVER BLAST,STEEL,,120,Elly De La Cruz,0,
BL-S44,Processor,First Edition,SILVER BLAST,STEEL,,120,Joel Embiid,0,
BL-S45,Burner,First Edition,SILVER BLAST,STEEL,,120,Jalen Brunson,0,
BL-S46,Cowboy,First Edition,SILVER BLAST,STEEL,,120,Corey Seager,0,
BL-S47,Yeti,First Edition,SILVER BLAST,STEEL,,115,Travis Kelce,0,
BL-S48,Tattoo,First Edition,SILVER BLAST,STEEL,,115,Fernando Tatis Jr.,0,
BL-S49,Superbaby,First Edition,SILVER BLAST,STEEL,,115,Rafael Devers,0,
BL-S50,Jeesaw,First Edition,SILVER BLAST,STEEL,,115,Najee Harris,0,
BL-S51,Tongue-Twister,First Edition,SILVER BLAST,STEEL,,115,Tua Tagovailoa,0,
BL-S52,Halo,First Edition,SILVER BLAST,STEEL,,110,Angel Reese,0,
BL-S53,Eagle-Eye,First Edition,SILVER BLAST,STEEL,,110,Jalen Hurts,0,
BL-S54,Turntable,First Edition,SILVER BLAST,STEEL,,110,Trea Turner,0,
BL-S55,Bandelero,First Edition,SILVER BLAST,STEEL,,110,Paolo Banchero,0,
BL-S56,Marverati,First Edition,SILVER BLAST,STEEL,,110,Marvin Harrison Jr.,0,
BL-S57,Action,First Edition,SILVER BLAST,STEEL,,105,Jackson Holliday,0,
BL-S58,Vampire,First Edition,SILVER BLAST,STEEL,,105,Vladimir Guerrero Jr.,0,
BL-S59,Jeeves,First Edition,SILVER BLAST,STEEL,,105,Jimmy Butler,0,
BL-S60,Carroller,First Edition,SILVER BLAST,STEEL,,105,Corbin Carroll,0,
BL-S61,Draco,First Edition,SILVER BLAST,STEEL,,105,Drake Maye,0,
BL-S62,Cha-Ching,First Edition,SILVER BLAST,STEEL,,100,Jackson Chourio,0,
BL-S63,Time,First Edition,SILVER BLAST,STEEL,,100,Damian Lillard,0,
BL-S64,Fungi,First Edition,SILVER BLAST,STEEL,,100,Kawhi Leonard,0,
BL-S65,Wild Beard,First Edition,SILVER BLAST,STEEL,,100,James Harden,0,
BL-S66,Shepherd,First Edition,SILVER BLAST,STEEL,,100,Ceedee Lamb,0,
BL-S67,Ollie,First Edition,SILVER BLAST,STEEL,,95,Matt Olson,0,
BL-S68,Tank,First Edition,SILVER BLAST,STEEL,,95,Derrick Henry,0,
BL-S69,Grin,First Edition,SILVER BLAST,STEEL,,95,Fracisco Lindor,0,
BL-S70,Bammer,First Edition,SILVER BLAST,STEEL,,95,Bam Adebayo,0,
BL-S71,Barreler,First Edition,SILVER BLAST,STEEL,,95,Cooper Kupp,0,
BL-S72,Cupid,First Edition,SILVER BLAST,STEEL,,90,Jordan Love,0,
BL-S73,Javalanche,First Edition,SILVER BLAST,STEEL,,90,Jamal Murray,0,
BL-S74,Bionic,First Edition,SILVER BLAST,STEEL,,90,Carlos Correa,0,
BL-S75,Stitcher,First Edition,SILVER BLAST,STEEL,,90,Jonathan Taylor,0,
BL-S76,Triple Threat,First Edition,SILVER BLAST,STEEL,,90,Lamelo Ball,0,
BL-S77,BoJax,Founding Hero Alpha Update,SILVER BLAST,STEEL,,185,Bo Jackson,0,
BL-S78,Magic,Magic Johnson Debut,SILVER BLAST,STEEL,,170,Magic Johnson,0,
BL-S79,Emmitt-164,Emmitt Smith Debut,SILVER BLAST,STEEL,,170,Emmitt Smith,0,
BL-S80,Marino,Dan Marino Debut,SILVER BLAST,STEEL,,170,Dan Marino,0,
BL-S81,"Barry ""Cutback"" Sanders",Barry Sanders Debut,SILVER BLAST,STEEL,,170,Barry Sanders,0,
BL-S82,Muggsy,Muggsy Bogues Debut,SILVER BLAST,STEEL,,165,Muggsy Bogues,0,
BL-S83,Spudnick,Spudd Webb Debut,SILVER BLAST,STEEL,,165,Spudd Webb,0,
BL-S84,The Ironman,Cal Ripkin JR Debut,SILVER BLAST,STEEL,,165,Cal Ripkin JR,0,
BL-S85,Peek-A-Boo,Picabo Street Debut,SILVER BLAST,STEEL,,165,Picabo Street,0,
BL-S86,Wizard,Ozzie Smith Debut,SILVER BLAST,STEEL,,160,Ozzie Smith,0,
BL-S87,Joey Jawz,Joey Chestnut Debut,SILVER BLAST,STEEL,,160,Joey Chestnut,0,
BL-S88,Bus,Jerome Bettis Debut,SILVER BLAST,STEEL,,160,Jerome Bettis,0,
BL-S89,Chicken Man,Wade Boggs Debut,SILVER BLAST,STEEL,,160,Wade Boggs,0,
BL-S90,HowBout'em,Jimmy Johnson Debut,SILVER BLAST,STEEL,,160,Jimmy Johnson,0,
BL-S91,Sea-Largent,Steve Largent Debut,SILVER BLAST,STEEL,,155,Steve Largent,0,
BL-S92,Howietzer,Howie Long Debut,SILVER BLAST,STEEL,,155,Howie Long,0,
BL-S93,Goggles,Eric Dickerson Debut,SILVER BLAST,STEEL,,155,Eric Dickerson,0,
BL-S94,Steady Eddie,Eddie George Debut,SILVER BLAST,STEEL,,155,Eddie George,0,
BL-S95,X.L.,Xavier Legette Alpha Update,SILVER BLAST,STEEL,,155,Xavier Legette,0,
BL-S96,Pet Dog,Ethan Petry Debut,SILVER BLAST,STEEL,,155,Ethan Petry,0,
BL-S97,Windmill,Dominique Wilkins Debut,SILVER BLAST,STEEL,,155,Dominique Wilkins,0,
BL-S98,Boom,Boomer Esiason Debut,SILVER BLAST,STEEL,,155,Boomer Esiason,0,
BL-S99,Cameleon,Cameron Brink Debut,SILVER BLAST,STEEL,,155,Cameron Brink,0,
BL-S100,Curaçao Kid,Anduw Jones Debut,SILVER BLAST,STEEL,,150,Anduw Jones,0,
BL-S101,Sterling,Sterling Sharpe Debut,SILVER BLAST,STEEL,,150,Sterling Sharpe,0,
BL-S102,Caveman,Johnny Damon Debut,SILVER BLAST,STEEL,,150,Johnny Damon,0,
BL-S103,Lady Magic,Nancy Lieberman Debut,SILVER BLAST,STEEL,,150,Nancy Lieberman,0,
BL-S104,Hoge-Ball,Merril Hoge Debut,SILVER BLAST,STEEL,,145,Merril Hoge,0,
BL-S105,InVinceable,Vince Young Debut,SILVER BLAST,STEEL,,145,Vince Young,0,
BL-S106,Slash,Kordell Stewart Debut,SILVER BLAST,STEEL,,145,Kordell Stewart,0,
BL-S107,Tikoff,Fred Biletnikoff Debut,SILVER BLAST,STEEL,,145,Fred Biletnikoff,0,
BL-S108,Bone,Jay Buhner Debut,SILVER BLAST,STEEL,,145,Jay Buhner,0,
BL-S109,Kurse,Jevon Kearse Debut,SILVER BLAST,STEEL,,140,Jevon Kearse,0,
BL-S110,Deep Freeze,George Gervin Debut,SILVER BLAST,STEEL,,140,George Gervin,0,
BL-S111,Woody,Darren Woodson Debut,SILVER BLAST,STEEL,,140,Darren Woodson,0,
BL-S112,Coopanova,Cynthia Cooper Debut,SILVER BLAST,STEEL,,140,Cynthia Cooper,0,
BL-S113,Hard-Drive,Tim Hardaway Debut,SILVER BLAST,STEEL,,140,Tim Hardaway,0,
BL-S114,BuckShot,Buck Showalter Debut,SILVER BLAST,STEEL,,140,Buck Showalter,0,
BL-S115,Haymaker,Spencer Haywood Debut,SILVER BLAST,STEEL,,140,Spencer Haywood,0,
BL-S116,Tank,Bo Said So,SILVER BLAST,STEEL,,170,Derrick Henry,0,
BL-S117,Skeee,First Edition,SILVER BLAST,STEEL,,165,Paul Skenes,0,
BL-S118,AJax,First Edition,SILVER BLAST,STEEL,,165,A'ja Wilson,0,
BL-S119,LeBoss,First Edition,SILVER BLAST,STEEL,,130,Lebron James,0,
BL-S120,Merlomes,First Edition,SILVER BLAST,STEEL,,130,Patrick Mahomes,0,
BL-S121,Chosen,First Edition,SILVER BLAST,STEEL,,130,Juan Soto,0,
BL-S122,Midas,First Edition,SILVER BLAST,STEEL,,130,Steph Curry,0,
BL-S123,Bison,First Edition,SILVER BLAST,STEEL,,130,Josh Allen,0,
BL-S124,Wargod,First Edition,SILVER BLAST,STEEL,,130,Mike Trout,0,
BL-S125,Donny Buckets,First Edition,SILVER BLAST,STEEL,,125,Luka Doncic,0,
BL-S126,Warp,First Edition,SILVER BLAST,STEEL,,125,Lamar Jackson,0,
BL-S127,Harpoon,First Edition,SILVER BLAST,STEEL,,125,Bryca Harper,0,
BL-S128,Mustang,First Edition,SILVER BLAST,STEEL,,125,Nikola Jokic,0,
BL-S129,Jaybird,First Edition,SILVER BLAST,STEEL,,125,Jayden Daniels,0,
BL-S130,J-Jetts,First Edition,SILVER BLAST,STEEL,,125,Justin Jefferson,0,
BL-S131,Merri-Go-Round,First Edition,SILVER BLAST,STEEL,,120,Jackson Marrill,0,
BL-S132,Shystep,First Edition,SILVER BLAST,STEEL,,120,Shai Gilgeous-Alexander,0,
BL-S133,Ram,First Edition,SILVER BLAST,STEEL,,120,Jose Ramirez,0,
BL-S134,Freakshow,First Edition,SILVER BLAST,STEEL,,120,Giannis Anteokounmpo,0,
BL-S135,Lightningrod,First Edition,SILVER BLAST,STEEL,,120,Julio Rodriguez,0,
BL-S136,Bayou,First Edition,SILVER BLAST,STEEL,,120,Ja'marr Chase,0,
BL-S137,McArmyKnife,First Edition,SILVER BLAST,STEEL,,115,Christian McCaffrey,0,
BL-S138,Tigre,First Edition,SILVER BLAST,STEEL,,115,Miguel Cabrera,0,
BL-S139,Cheetah,First Edition,SILVER BLAST,STEEL,,115,Tyreek Hill,0,
BL-S140,Spider,First Edition,SILVER BLAST,STEEL,,115,Donovan Mitchell,0,
BL-S141,Crews-Missle,First Edition,SILVER BLAST,STEEL,,115,Dylan Crews,0,
BL-S142,Unibrow,First Edition,SILVER BLAST,STEEL,,115,Anthony Davis,0,
BL-S143,Exterminaber,First Edition,SILVER BLAST,STEEL,,110,Malik Nabers,0,
BL-S144,Bomber,First Edition,SILVER BLAST,STEEL,,110,Jordan Alvarez,0,
BL-S145,Juice,First Edition,SILVER BLAST,STEEL,,110,Jaylen Brown,0,
BL-S146,Attak,First Edition,SILVER BLAST,STEEL,,110,Dak Prescott,0,
BL-S147,ChetMate,First Edition,SILVER BLAST,STEEL,,110,Chet Holmgren,0,
BL-S148,Phoenix,First Edition,SILVER BLAST,STEEL,,110,Bo Nix,0,
BL-S149,Lieutenant,First Edition,SILVER BLAST,STEEL,,105,Dansby Swanson,0,
BL-S150,Snowbear,First Edition,SILVER BLAST,STEEL,,105,Pete Alonso,0,
BL-S151,Boltage,First Edition,SILVER BLAST,STEEL,,105,Justin Herbert,0,
BL-S152,Librarian,First Edition,SILVER BLAST,STEEL,,105,Devin Booker,0,
BL-S153,Aeronaut,First Edition,SILVER BLAST,STEEL,,105,Nolan Arenado,0,
BL-S154,Sabotage,First Edition,SILVER BLAST,STEEL,,105,Domantas Sabonis,0,
BL-S155,Mic'd Up,First Edition,SILVER BLAST,STEEL,,100,MIke Evans,0,
BL-S156,Jambox,First Edition,SILVER BLAST,STEEL,,100,Ja Morant,0,
BL-S157,Simon Says,First Edition,SILVER BLAST,STEEL,,100,Anfernee Simons,0,
BL-S158,Mr. Irrelevant,First Edition,SILVER BLAST,STEEL,,100,Brock Purdy,0,
BL-S159,Pantera,First Edition,SILVER BLAST,STEEL,,100,Luis Robert Jr,0,
BL-S160,Rockstar,First Edition,SILVER BLAST,STEEL,,100,Jazz Chisholm,0,
BL-S161,Big-Z,First Edition,SILVER BLAST,STEEL,,95,Zion Williamson,0,
BL-S162,Clutch,First Edition,SILVER BLAST,STEEL,,95,Andrew McCutchen,0,
BL-S163,PukaDot,First Edition,SILVER BLAST,STEEL,,95,Puka Nacua,0,
BL-S164,Sprinkler,First Edition,SILVER BLAST,STEEL,,95,Luis Arraez,0,
BL-S165,Foxhole,First Edition,SILVER BLAST,STEEL,,95,De'Aaron Fox,0,
BL-S166,Thomstone,First Edition,SILVER BLAST,STEEL,,95,Brian Thomas Jr,0,
BL-S167,Botto,First Edition,SILVER BLAST,STEEL,,90,Joey Votto,0,
BL-S168,Lawman,First Edition,SILVER BLAST,STEEL,,90,Trevor Lawrence,0,
BL-S169,Barnacle,First Edition,SILVER BLAST,STEEL,,90,Scottie Barnes,0,
BL-S170,Laviathan,First Edition,SILVER BLAST,STEEL,,90,Zach Lavine,0,
BL-S171,Breeze,First Edition,SILVER BLAST,STEEL,,90,Breece Hall,0,
BL-S172,Gravedigger,First Edition,SILVER BLAST,STEEL,,90,Stefon Diggs,0,
BL-S173,D-Hop,First Edition,SILVER BLAST,STEEL,,85,Deandre Hopkins,0,
BL-S174,Alien,First Edition,SILVER BLAST,STEEL,,85,CJ Abrams,0,
BL-S175,Portalize,First Edition,SILVER BLAST,STEEL,,85,Sam Laporta,0,
BL-S176,Torque,First Edition,SILVER BLAST,STEEL,,85,Spencer Torkelson,0,
BL-S177,Risarcher,First Edition,SILVER BLAST,STEEL,,85,Zaccharie Risacher,0,
BL-S178,Sarrtillery,First Edition,SILVER BLAST,STEEL,,85,Alexandre Sarr,0,
Billy-28,Billy,First Edition,SILVER BLAST,STEEL,,170,Billy the Pug,0,
CJ-28,CJ Maddux,First Edition,SILVER BLAST,STEEL,,170,CJ Maddux,0,
BL-SK6,Bombeezy,Emillio Estevez Debut,SILVER BLAST,STEEL,,140,Emillio Estevez,0,
BBFA-1,A.I.,Allen Iverson Debut,SILVER BLAST,GLOW,,190,Allen Iverson,0,
BBFA-2,A.I.,Allen Iverson Debut,SILVER BLAST,FIRE,,185,Allen Iverson,0,
BBFA-3,A.I.,Allen Iverson Debut,SILVER BLAST,ICE,,185,Allen Iverson,0,
BBFA-4,Young-Gunner,Steve Young Debut,SILVER BLAST,GLOW,,190,Steve Young,0,
BBFA-5,Young-Gunner,Steve Young Debut,SILVER BLAST,FIRE,,185,Steve Young,0,
BBFA-6,Young-Gunner,Steve Young Debut,SILVER BLAST,ICE,,185,Steve Young,0,
BBFA-7,Brandi,Brandi Chastain Debut,SILVER BLAST,GLOW,,190,Chastain,0,
BBFA-8,Brandi,Brandi Chastain Debut,SILVER BLAST,FIRE,,185,Chastain,0,
BBFA-9,Brandi,Brandi Chastain Debut,SILVER BLAST,ICE,,185,Chastain,0,
BBFA-10,Boz,Brian Bosworth Debut,SILVER BLAST,GLOW,,185,Brian Bosworth,0,
BBFA-11,Boz,Brian Bosworth Debut,SILVER BLAST,FIRE,,180,Brian Bosworth,0,
BBFA-12,Boz,Brian Bosworth Debut,SILVER BLAST,ICE,,180,Brian Bosworth,0,
BBFA-13,Cruschman,Adley Rutshman Debut,SILVER BLAST,GLOW,,185,Adley Rutschman,0,
BBFA-14,Cruschman,Adley Rutshman Debut,SILVER BLAST,FIRE,,180,Adley Rutschman,0,
BBFA-15,Cruschman,Adley Rutshman Debut,SILVER BLAST,ICE,,180,Adley Rutschman,0,
BBFA-16,Allenwrench,Marcus Allen Debut,SILVER BLAST,GLOW,,185,Marcus Allen,0,
BBFA-17,Allenwrench,Marcus Allen Debut,SILVER BLAST,FIRE,,180,Marcus Allen,0,
BBFA-18,Allenwrench,Marcus Allen Debut,SILVER BLAST,ICE,,180,Marcus Allen,0,
BBFA-19,Star-Bach,Roger Staubach Debut,SILVER BLAST,GLOW,,180,Roger Staubach,0,
BBFA-20,Star-Bach,Roger Staubach Debut,SILVER BLAST,FIRE,,175,Roger Staubach,0,
BBFA-21,Star-Bach,Roger Staubach Debut,SILVER BLAST,ICE,,175,Roger Staubach,0,
BBFA-22,Grand-Ma-Ma,Larry Johnson Debut,SILVER BLAST,GLOW,,180,Larry Johnson,0,
BBFA-23,Grand-Ma-Ma,Larry Johnson Debut,SILVER BLAST,FIRE,,175,Larry Johnson,0,
BBFA-24,Grand-Ma-Ma,Larry Johnson Debut,SILVER BLAST,ICE,,175,Larry Johnson,0,
BBFA-25,Amon-Ra,Amon-Ra St. Brown Debut,SILVER BLAST,GLOW,,180,Amon-Ra St. Brown,0,
BBFA-26,Amon-Ra,Amon-Ra St. Brown Debut,SILVER BLAST,FIRE,,175,Amon-Ra St. Brown,0,
BBFA-27,Amon-Ra,Amon-Ra St. Brown Debut,SILVER BLAST,ICE,,175,Amon-Ra St. Brown,0,
BBFA-28,Waddler,Jaylen Waddle Debut,SILVER BLAST,GLOW,,175,Jaylen Waddle,0,
BBFA-29,Waddler,Jaylen Waddle Debut,SILVER BLAST,FIRE,,165,Jaylen Waddle,0,
BBFA-30,Waddler,Jaylen Waddle Debut,SILVER BLAST,ICE,,165,Jaylen Waddle,0,
BBFA-31,Donnie Baseball,Don Mattingly Debut,SILVER BLAST,GLOW,,175,Don Mattingly,0,
BBFA-32,Donnie Baseball,Don Mattingly Debut,SILVER BLAST,FIRE,,165,Don Mattingly,0,
BBFA-33,Donnie Baseball,Don Mattingly Debut,SILVER BLAST,ICE,,165,Don Mattingly,0,
BBFA-34,Boshpit,Chris Bosh Debut,SILVER BLAST,GLOW,,175,Chris Bosh,0,
BBFA-35,Boshpit,Chris Bosh Debut,SILVER BLAST,FIRE,,165,Chris Bosh,0,
BBFA-36,Boshpit,Chris Bosh Debut,SILVER BLAST,ICE,,165,Chris Bosh,0,
BBFA-37,Thurmanator,Thuman Thomas Debut,SILVER BLAST,GLOW,,170,Thurman Thomas,0,
BBFA-38,Thurmanator,Thuman Thomas Debut,SILVER BLAST,FIRE,,160,Thurman Thomas,0,
BBFA-39,Thurmanator,Thuman Thomas Debut,SILVER BLAST,ICE,,160,Thurman Thomas,0,
BBFA-40,Flutie,Doug Flutie Debut,SILVER BLAST,GLOW,,170,Doug Flutie,0,
BBFA-41,Flutie,Doug Flutie Debut,SILVER BLAST,FIRE,,160,Doug Flutie,0,
BBFA-42,Flutie,Doug Flutie Debut,SILVER BLAST,ICE,,160,Doug Flutie,0,
BBFA-43,Green-Machine,Jalen Green Debut,SILVER BLAST,GLOW,,170,Jalen Green,0,
BBFA-44,Green-Machine,Jalen Green Debut,SILVER BLAST,FIRE,,160,Jalen Green,0,
BBFA-45,Green-Machine,Jalen Green Debut,SILVER BLAST,ICE,,160,Jalen Green,0,
BBFA-46,KAT,Karl-Anthony Towns Debut,SILVER BLAST,GLOW,,170,Karl-Anthony Towns,0,
BBFA-47,KAT,Karl-Anthony Towns Debut,SILVER BLAST,FIRE,,160,Karl-Anthony Towns,0,
BBFA-48,KAT,Karl-Anthony Towns Debut,SILVER BLAST,ICE,,160,Karl-Anthony Towns,0,
BBFA-49,Mean-Joe,Joe Greene Debut,SILVER BLAST,GLOW,,170,Mean Joe Greene,0,
BBFA-50,Mean-Joe,Joe Greene Debut,SILVER BLAST,FIRE,,160,Mean Joe Greene,0,
BBFA-51,Mean-Joe,Joe Greene Debut,SILVER BLAST,ICE,,160,Mean Joe Greene,0,
BBFA-52,Chief,Robert Parish Debut,SILVER BLAST,GLOW,,170,Robert Parish,0,
BBFA-53,Chief,Robert Parish Debut,SILVER BLAST,FIRE,,160,Robert Parish,0,
BBFA-54,Chief,Robert Parish Debut,SILVER BLAST,ICE,,160,Robert Parish,0,
BBFA-55,Thrill,Will Clark Debut,SILVER BLAST,GLOW,,165,Will Clark,0,
BBFA-56,Thrill,Will Clark Debut,SILVER BLAST,FIRE,,155,Will Clark,0,
BBFA-57,Thrill,Will Clark Debut,SILVER BLAST,ICE,,155,Will Clark,0,
BBFA-58,Frostebite,Trae Young Debut,SILVER BLAST,GLOW,,165,Trae Young,0,
BBFA-59,Frostebite,Trae Young Debut,SILVER BLAST,FIRE,,155,Trae Young,0,
BBFA-60,Frostebite,Trae Young Debut,SILVER BLAST,ICE,,155,Trae Young,0,
BBFA-61,Blockhale,Kevin McHale Debut,SILVER BLAST,GLOW,,165,Kevin Mchale,0,
BBFA-62,Blockhale,Kevin McHale Debut,SILVER BLAST,FIRE,,155,Kevin Mchale,0,
BBFA-63,Blockhale,Kevin McHale Debut,SILVER BLAST,ICE,,155,Kevin Mchale,0,
BBFA-64,Timmy,Tim Brown Debut,SILVER BLAST,GLOW,,165,Tim Brown,0,
BBFA-65,Timmy,Tim Brown Debut,SILVER BLAST,FIRE,,155,Tim Brown,0,
BBFA-66,Timmy,Tim Brown Debut,SILVER BLAST,ICE,,155,Tim Brown,0,
BBFA-67,Palmer,Jim Palmer Debut,SILVER BLAST,GLOW,,165,Jim Palmer,0,
BBFA-68,Palmer,Jim Palmer Debut,SILVER BLAST,FIRE,,155,Jim Palmer,0,
BBFA-69,Palmer,Jim Palmer Debut,SILVER BLAST,ICE,,155,Jim Palmer,0,
BBFA-70,Thighs Man,Joe Theisman,SILVER BLAST,GLOW,,165,Joe Theismann,0,
BBFA-71,Thighs Man,Joe Theisman,SILVER BLAST,FIRE,,155,Joe Theismann,0,
BBFA-72,Thighs Man,Joe Theisman,SILVER BLAST,ICE,,155,Joe Theismann,0,
BBFA-73,Rodder,Rod Smith Debut,SILVER BLAST,GLOW,,160,Rod Smith,0,
BBFA-74,Rodder,Rod Smith Debut,SILVER BLAST,FIRE,,150,Rod Smith,0,
BBFA-75,Rodder,Rod Smith Debut,SILVER BLAST,ICE,,150,Rod Smith,0,
BBFA-76,Awesome Dawson,Andre Dawson Debut,SILVER BLAST,GLOW,,160,Andre Dawson,0,
BBFA-77,Awesome Dawson,Andre Dawson Debut,SILVER BLAST,FIRE,,150,Andre Dawson,0,
BBFA-78,Awesome Dawson,Andre Dawson Debut,SILVER BLAST,ICE,,150,Andre Dawson,0,
BBFA-79,Line-Art,Matt Leinart Debut,SILVER BLAST,GLOW,,160,Matt Leinart,0,
BBFA-80,Line-Art,Matt Leinart Debut,SILVER BLAST,FIRE,,150,Matt Leinart,0,
BBFA-81,Line-Art,Matt Leinart Debut,SILVER BLAST,ICE,,150,Matt Leinart,0,
BBFA-82,Swoopes,Sheryl Swoopes Debut,SILVER BLAST,GLOW,,160,Sheryl Swoopes,0,
BBFA-83,Swoopes,Sheryl Swoopes Debut,SILVER BLAST,FIRE,,150,Sheryl Swoopes,0,
BBFA-84,Swoopes,Sheryl Swoopes Debut,SILVER BLAST,ICE,,150,Sheryl Swoopes,0,
BBFA-85,Smoke,Dave Stewart Debut,SILVER BLAST,GLOW,,160,Dave Stewart,0,
BBFA-86,Smoke,Dave Stewart Debut,SILVER BLAST,FIRE,,150,Dave Stewart,0,
BBFA-87,Smoke,Dave Stewart Debut,SILVER BLAST,ICE,,150,Dave Stewart,0,
BBFA-88,Man of Steal,Vince Coleman Debut,SILVER BLAST,GLOW,,160,Vince Coleman,0,
BBFA-89,Man of Steal,Vince Coleman Debut,SILVER BLAST,FIRE,,150,Vince Coleman,0,
BBFA-90,Man of Steal,Vince Coleman Debut,SILVER BLAST,ICE,,150,Vince Coleman,0,
BBFA-91,Bojax,Founding Hero,SILVER BLAST,GLOW,,195,Bo Jackson,0,
BBFA-92,Bojax,Founding Hero,SILVER BLAST,Fire,,190,Bo Jackson,0,
BBFA-93,Bojax,Founding Hero,SILVER BLAST,Ice,,190,Bo Jackson,0,
BBFA-94,Bojax,Founding Hero Alpha Update,SILVER BLAST,GLOW,,195,Bo Jackson,0,
BBFA-95,Magic,Magic Johnson Debut,SILVER BLAST,GLOW,,190,Magic Johnson,0,
BBFA-96,Emmitt-164,Emmitt Smith Debut,SILVER BLAST,GLOW,,190,Emmitt Smith,0,
BBFA-97,Marino,Dan Marino Debut,SILVER BLAST,GLOW,,190,Dan Marino,0,
BBFA-98,"Barry ""Cutback"" Sanders",Barry Sanders Debut,SILVER BLAST,GLOW,,190,Barry Sanders,0,
BBFA-99,Muggsy,Muggsy Bogues Debut,SILVER BLAST,GLOW,,185,Muggsy Bogues,0,
BBFA-100,Spudnick,Spudd Webb Debut,SILVER BLAST,GLOW,,185,Spudd Webb,0,
BBFA-101,The Ironman,Cal Ripkin JR Debut,SILVER BLAST,GLOW,,185,Cal Ripkin JR,0,
BBFA-102,Peek-A-Boo,Picabo Street Debut,SILVER BLAST,GLOW,,185,Picabo Street,0,
BBFA-103,Wizard,Ozzie Smith Debut,SILVER BLAST,GLOW,,180,Ozzie Smith,0,
BBFA-104,Joey Jawz,Joey Chestnut Debut,SILVER BLAST,GLOW,,180,Joey Chestnut,0,
BBFA-105,Bus,Jerome Bettis Debut,SILVER BLAST,GLOW,,180,Jerome Bettis,0,
BBFA-106,Chicken Man,Wade Boggs Debut,SILVER BLAST,GLOW,,180,Wade Boggs,0,
BBFA-107,HowBout'em,Jimmy Johnson Debut,SILVER BLAST,GLOW,,180,Jimmy Johnson,0,
BBFA-108,Sea-Largent,Steve Largent Debut,SILVER BLAST,GLOW,,175,Steve Largent,0,
BBFA-109,Howietzer,Howie Long Debut,SILVER BLAST,GLOW,,175,Howie Long,0,
BBFA-110,Goggles,Eric Dickerson Debut,SILVER BLAST,GLOW,,175,Eric Dickerson,0,
BBFA-111,Steady Eddie,Eddie George Debut,SILVER BLAST,GLOW,,175,Eddie George,0,
BBFA-112,X.L.,Xavier Legette Alpha Update,SILVER BLAST,GLOW,,175,Xavier Legette,0,
BBFA-113,Pet Dog,Ethan Petry Debut,SILVER BLAST,GLOW,,175,Ethan Petry,0,
BBFA-114,Windmill,Dominique Wilkins Debut,SILVER BLAST,GLOW,,175,Dominique Wilkins,0,
BBFA-115,Boom,Boomer Esiason Debut,SILVER BLAST,GLOW,,175,Boomer Esiason,0,
BBFA-116,Cameleon,Cameron Brink Debut,SILVER BLAST,GLOW,,175,Cameron Brink,0,
BBFA-117,Curaçao Kid,Anduw Jones Debut,SILVER BLAST,GLOW,,170,Anduw Jones,0,
BBFA-118,Sterling,Sterling Sharpe Debut,SILVER BLAST,GLOW,,170,Sterling Sharpe,0,
BBFA-119,Caveman,Johnny Damon Debut,SILVER BLAST,GLOW,,170,Johnny Damon,0,
BBFA-120,Lady Magic,Nancy Lieberman Debut,SILVER BLAST,GLOW,,170,Nancy Lieberman,0,
BBFA-121,Hoge-Ball,Merril Hoge Debut,SILVER BLAST,GLOW,,165,Merril Hoge,0,
BBFA-122,InVinceable,Vince Young Debut,SILVER BLAST,GLOW,,165,Vince Young,0,
BBFA-123,Slash,Kordell Stewart Debut,SILVER BLAST,GLOW,,165,Kordell Stewart,0,
BBFA-124,Tikoff,Fred Biletnikoff Debut,SILVER BLAST,GLOW,,165,Fred Biletnikoff,0,
BBFA-125,Bone,Jay Buhner Debut,SILVER BLAST,GLOW,,165,Jay Buhner,0,
BBFA-126,Kurse,Jevon Kearse Debut,SILVER BLAST,GLOW,,160,Jevon Kearse,0,
BBFA-127,Deep Freeze,George Gervin Debut,SILVER BLAST,GLOW,,160,George Gervin,0,
BBFA-128,Woody,Darren Woodson Debut,SILVER BLAST,GLOW,,160,Darren Woodson,0,
BBFA-129,Coopanova,Cynthia Cooper Debut,SILVER BLAST,GLOW,,160,Cynthia Cooper,0,
BBFA-130,Hard-Drive,Tim Hardaway Debut,SILVER BLAST,GLOW,,160,Tim Hardaway,0,
BBFA-131,BuckShot,Buck Showalter Debut,SILVER BLAST,GLOW,,160,Buck Showalter,0,
BBFA-132,Haymaker,Spencer Haywood Debut,SILVER BLAST,GLOW,,160,Spencer Haywood,0,
BBFA-133,Bojax,Founding Hero Alpha Update,SILVER BLAST,Fire,,190,Bo Jackson,0,
BBFA-134,Magic,Magic Johnson Debut,SILVER BLAST,Fire,,185,Magic Johnson,0,
BBFA-135,Emmitt-164,Emmitt Smith Debut,SILVER BLAST,Fire,,185,Emmitt Smith,0,
BBFA-136,Marino,Dan Marino Debut,SILVER BLAST,Fire,,185,Dan Marino,0,
BBFA-137,"Barry ""Cutback"" Sanders",Barry Sanders Debut,SILVER BLAST,Fire,,185,Barry Sanders,0,
BBFA-138,Muggsy,Muggsy Bogues Debut,SILVER BLAST,Fire,,180,Muggsy Bogues,0,
BBFA-139,Spudnick,Spudd Webb Debut,SILVER BLAST,Fire,,180,Spudd Webb,0,
BBFA-140,The Ironman,Cal Ripkin JR Debut,SILVER BLAST,Fire,,180,Cal Ripkin JR,0,
BBFA-141,Peek-A-Boo,Picabo Street Debut,SILVER BLAST,Fire,,180,Picabo Street,0,
BBFA-142,Wizard,Ozzie Smith Debut,SILVER BLAST,Fire,,175,Ozzie Smith,0,
BBFA-143,Joey Jawz,Joey Chestnut Debut,SILVER BLAST,Fire,,175,Joey Chestnut,0,
BBFA-144,Bus,Jerome Bettis Debut,SILVER BLAST,Fire,,175,Jerome Bettis,0,
BBFA-145,Chicken Man,Wade Boggs Debut,SILVER BLAST,Fire,,175,Wade Boggs,0,
BBFA-146,HowBout'em,Jimmy Johnson Debut,SILVER BLAST,Fire,,175,Jimmy Johnson,0,
BBFA-147,Sea-Largent,Steve Largent Debut,SILVER BLAST,Fire,,165,Steve Largent,0,
BBFA-148,Howietzer,Howie Long Debut,SILVER BLAST,Fire,,165,Howie Long,0,
BBFA-149,Goggles,Eric Dickerson Debut,SILVER BLAST,Fire,,165,Eric Dickerson,0,
BBFA-150,Steady Eddie,Eddie George Debut,SILVER BLAST,Fire,,165,Eddie George,0,
BBFA-151,X.L.,Xavier Legette Alpha Update,SILVER BLAST,Fire,,165,Xavier Legette,0,
BBFA-152,Pet Dog,Ethan Petry Debut,SILVER BLAST,Fire,,165,Ethan Petry,0,
BBFA-153,Windmill,Dominique Wilkins Debut,SILVER BLAST,Fire,,165,Dominique Wilkins,0,
BBFA-154,Boom,Boomer Esiason Debut,SILVER BLAST,Fire,,165,Boomer Esiason,0,
BBFA-155,Cameleon,Cameron Brink Debut,SILVER BLAST,Fire,,165,Cameron Brink,0,
BBFA-156,Curaçao Kid,Anduw Jones Debut,SILVER BLAST,Fire,,160,Anduw Jones,0,
BBFA-157,Sterling,Sterling Sharpe Debut,SILVER BLAST,Fire,,160,Sterling Sharpe,0,
BBFA-158,Caveman,Johnny Damon Debut,SILVER BLAST,Fire,,160,Johnny Damon,0,
BBFA-159,Lady Magic,Nancy Lieberman Debut,SILVER BLAST,Fire,,160,Nancy Lieberman,0,
BBFA-160,Hoge-Ball,Merril Hoge Debut,SILVER BLAST,Fire,,155,Merril Hoge,0,
BBFA-161,InVinceable,Vince Young Debut,SILVER BLAST,Fire,,155,Vince Young,0,
BBFA-162,Slash,Kordell Stewart Debut,SILVER BLAST,Fire,,155,Kordell Stewart,0,
BBFA-163,Tikoff,Fred Biletnikoff Debut,SILVER BLAST,Fire,,155,Fred Biletnikoff,0,
BBFA-164,Bone,Jay Buhner Debut,SILVER BLAST,Fire,,155,Jay Buhner,0,
BBFA-165,Kurse,Jevon Kearse Debut,SILVER BLAST,Fire,,150,Jevon Kearse,0,
BBFA-166,Deep Freeze,George Gervin Debut,SILVER BLAST,Fire,,150,George Gervin,0,
BBFA-167,Woody,Darren Woodson Debut,SILVER BLAST,Fire,,150,Darren Woodson,0,
BBFA-168,Coopanova,Cynthia Cooper Debut,SILVER BLAST,Fire,,150,Cynthia Cooper,0,
BBFA-169,Hard-Drive,Tim Hardaway Debut,SILVER BLAST,Fire,,150,Tim Hardaway,0,
BBFA-170,BuckShot,Buck Showalter Debut,SILVER BLAST,Fire,,150,Buck Showalter,0,
BBFA-171,Haymaker,Spencer Haywood Debut,SILVER BLAST,Fire,,150,Spencer Haywood,0,
BBFA-172,Bojax,Founding Hero Alpha Update,SILVER BLAST,Ice,,190,Bo Jackson,0,
BBFA-173,Magic,Magic Johnson Debut,SILVER BLAST,Ice,,185,Magic Johnson,0,
BBFA-174,Emmitt-164,Emmitt Smith Debut,SILVER BLAST,Ice,,185,Emmitt Smith,0,
BBFA-175,Marino,Dan Marino Debut,SILVER BLAST,Ice,,185,Dan Marino,0,
BBFA-176,"Barry ""Cutback"" Sanders",Barry Sanders Debut,SILVER BLAST,Ice,,185,Barry Sanders,0,
BBFA-177,Muggsy,Muggsy Bogues Debut,SILVER BLAST,Ice,,180,Muggsy Bogues,0,
BBFA-178,Spudnick,Spudd Webb Debut,SILVER BLAST,Ice,,180,Spudd Webb,0,
BBFA-179,The Ironman,Cal Ripkin JR Debut,SILVER BLAST,Ice,,180,Cal Ripkin JR,0,
BBFA-180,Peek-A-Boo,Picabo Street Debut,SILVER BLAST,Ice,,180,Picabo Street,0,
BBFA-181,Wizard,Ozzie Smith Debut,SILVER BLAST,Ice,,175,Ozzie Smith,0,
BBFA-182,Joey Jawz,Joey Chestnut Debut,SILVER BLAST,Ice,,175,Joey Chestnut,0,
BBFA-183,Bus,Jerome Bettis Debut,SILVER BLAST,Ice,,175,Jerome Bettis,0,
BBFA-184,Chicken Man,Wade Boggs Debut,SILVER BLAST,Ice,,175,Wade Boggs,0,
BBFA-185,HowBout'em,Jimmy Johnson Debut,SILVER BLAST,Ice,,175,Jimmy Johnson,0,
BBFA-186,Sea-Largent,Steve Largent Debut,SILVER BLAST,Ice,,165,Steve Largent,0,
BBFA-187,Howietzer,Howie Long Debut,SILVER BLAST,Ice,,165,Howie Long,0,
BBFA-188,Goggles,Eric Dickerson Debut,SILVER BLAST,Ice,,165,Eric Dickerson,0,
BBFA-189,Steady Eddie,Eddie George Debut,SILVER BLAST,Ice,,165,Eddie George,0,
BBFA-190,X.L.,Xavier Legette Alpha Update,SILVER BLAST,Ice,,165,Xavier Legette,0,
BBFA-191,Pet Dog,Ethan Petry Debut,SILVER BLAST,Ice,,165,Ethan Petry,0,
BBFA-192,Windmill,Dominique Wilkins Debut,SILVER BLAST,Ice,,165,Dominique Wilkins,0,
BBFA-193,Boom,Boomer Esiason Debut,SILVER BLAST,Ice,,165,Boomer Esiason,0,
BBFA-194,Cameleon,Cameron Brink Debut,SILVER BLAST,Ice,,165,Cameron Brink,0,
BBFA-195,Curaçao Kid,Anduw Jones Debut,SILVER BLAST,Ice,,160,Anduw Jones,0,
BBFA-196,Sterling,Sterling Sharpe Debut,SILVER BLAST,Ice,,160,Sterling Sharpe,0,
BBFA-197,Caveman,Johnny Damon Debut,SILVER BLAST,Ice,,160,Johnny Damon,0,
BBFA-198,Lady Magic,Nancy Lieberman Debut,SILVER BLAST,Ice,,160,Nancy Lieberman,0,
BBFA-199,Hoge-Ball,Merril Hoge Debut,SILVER BLAST,Ice,,155,Merril Hoge,0,
BBFA-200,InVinceable,Vince Young Debut,SILVER BLAST,Ice,,155,Vince Young,0,
BBFA-201,Slash,Kordell Stewart Debut,SILVER BLAST,Ice,,155,Kordell Stewart,0,
BBFA-202,Tikoff,Fred Biletnikoff Debut,SILVER BLAST,Ice,,155,Fred Biletnikoff,0,
BBFA-203,Bone,Jay Buhner Debut,SILVER BLAST,Ice,,155,Jay Buhner,0,
BBFA-204,Kurse,Jevon Kearse Debut,SILVER BLAST,Ice,,150,Jevon Kearse,0,
BBFA-205,Deep Freeze,George Gervin Debut,SILVER BLAST,Ice,,150,George Gervin,0,
BBFA-206,Woody,Darren Woodson Debut,SILVER BLAST,Ice,,150,Darren Woodson,0,
BBFA-207,Coopanova,Cynthia Cooper Debut,SILVER BLAST,Ice,,150,Cynthia Cooper,0,
BBFA-208,Hard-Drive,Tim Hardaway Debut,SILVER BLAST,Ice,,150,Tim Hardaway,0,
BBFA-209,BuckShot,Buck Showalter Debut,SILVER BLAST,Ice,,150,Buck Showalter,0,
BBFA-210,Haymaker,Spencer Haywood Debut,SILVER BLAST,Ice,,150,Spencer Haywood,0,
HTD-1,Gavel of Justice,,Home Team Discount,,,0,,3,Lower the opponent's Hero by -30.
HTD-2,"Heads I Win, Tails You Lose",,Home Team Discount,,,0,,0,"Flip a coin: If heads, your Hero gets +15. If tails, your opponent's Hero loses -5."
HTD-3,Only Upside,,Home Team Discount,,,0,,0,"Pick a number from 1 to 6, then roll a dice. If it lands on your number, your Hero gets +20. If not, draw a Play from your Playbook."
HTD-4,3rd Time Charm,,Home Team Discount,,,0,,1,"Flip a coin 3 times. If all 3 flips land on heads, your Hero's Power is doubled. Each time the coin lands on tails, draw a Play."
HTD-5,Only Fire,,Home Team Discount,,,0,,2,For the rest of the game all Heroes have Fire Weapons.
HTD-6,Only Ice,,Home Team Discount,,,0,,2,For the rest of the game all Heroes have Ice Weapons.
HTD-7,Only Steel,,Home Team Discount,,,0,,2,For the rest of the game all Heroes have Steel Weapons.
HTD-8,Flame Wall,,Home Team Discount,,,0,,0,"If your Hero has a Fire weapon, your opponent can't run any Plays this Battle."
HTD-9,Icy Shield,,Home Team Discount,,,0,,0,"If your Hero has an Ice weapon, your opponent can't run any Plays this Battle."
HTD-10,Steel Defense,,Home Team Discount,,,0,,0,"If your Hero has a Steel weapon, your opponent can't run any Plays this Battle."
HTD-11,Curveball,,Home Team Discount,,,0,,2,Replace your Hero with any Hero from your hand and draw 1 Hero.
HTD-12,Loan Sharked,,Home Team Discount,,,0,,1,"For the rest of the Game if a coin is flipped, lower the opponent's Hero in the active Battle by -5."
HTD-13,Shooters Shoot,,Home Team Discount,,,0,,1,Flip a coin 4 times; your opponent's Hero gets -5 each time the coin lands on tails.
HTD-14,Heads-Up!,,Home Team Discount,,,0,,1,Flip a coin 4 times; your Hero gets +5 each time the coin lands on heads.
HTD-15,To Fight Another Day,,Home Team Discount,,,0,,1,"If you lost the previous Battle, your Hero in the active Battle gets +20."
HTD-16,1-4-1 Play,,Home Team Discount,,,0,,0,Draw a Play from your Playbook.
HTD-17,Adding Depth,,Home Team Discount,,,0,,1,Draw a card from either your Playbook or your Hero Deck.
HTD-18,Late Game Lockdown,,Home Team Discount,,,0,,1,Your opponent cannot Substitute in Battle 7.
HTD-19,Prevent D,,Home Team Discount,,,0,,2,Your opponent can't run any Plays in Battle 7.
HTD-20,Rebuild,,Home Team Discount,,,0,,1,"If you lost the previous Battle, Discard all Heroes in your hand and draw 4 new Heroes from your Hero Deck."
HTD-21,Worth The Risk?,,Home Team Discount,,,0,,0,"Roll a dice: if you get a 1 or 6, your Hero's power drops to 0. If you roll a 2-5, you gain +25."
HTD-22,Tough Call,,Home Team Discount,,,0,,1,Reveal the top 3 Plays of your Playbook; choose 1 and add it to your hand then Discard the other 2.
HTD-23,Indestructible,,Home Team Discount,,,0,,0,This Hero can't have its power reduced by an opponent's Play.
HTD-24,Going Back to Back,,Home Team Discount,,,0,,2,This Hero gets any extra Power your previous Hero had.
HTD-25,Easy Choice,,Home Team Discount,,,0,,0,"No matter the outcome of this Battle, you decide who gets Honors (goes first) in the next Battle."
HTD-26,Pulling The Plug,,Home Team Discount,,,0,,0,Any Plays that are affecting the rest of the Game are now cancelled going forward (including your own).
HTD-27,Rally Cap,,Home Team Discount,,,0,,1,If your Hero in this Battle is losing by 15 or more it gets +20.
HTD-28,Rob Peter Pay Paul,,Home Team Discount,,,0,,0,"This Hero gets +15, but your Hero in the next Battle gets -5."
HTD-29,"Make It, Take It",,Home Team Discount,,,0,,0,"For the rest of the game, whenever you win a Battle, your Hero in the next Battle gets +5."
HTD-30,QB Sneak,,Home Team Discount,,,0,,0,"If this Battle is tied, your Hero gets +1."
HTD-31,Transfer Portal,,Home Team Discount,,,0,,2,Your Hero loses -30. Your Hero in the next Battle gets +30.
HTD-32,Recycle,,Home Team Discount,,,0,,1,Shuffle all Plays used in previous Battles back into your Playbook. Draw 2 Plays.
HTD-33,Contract Limitations,,Home Team Discount,,,0,,0,Your Hero gets +15 but you don't draw a Play at the start of next Battle.
HTD-34,Hollow Bat,,Home Team Discount,,,0,,1,"Roll a dice. If it lands on 3-6, your Hero gets +25. If it lands on 1 or 2, your Hero gets -25."
HTD-35,Lost Plays,,Home Team Discount,,,0,,0,Both Players Discard the top 3 Plays of their Playbook.
HTD-36,One-And-One,,Home Team Discount,,,0,,0,"Flip a coin. If heads, your Hero gets +10. You may do this a second and final time if it lands on heads."
HTD-37,Ice Crew,,Home Team Discount,,,0,,2,"For every Hero with an Ice weapon you've used in all Battles so far, your Hero gets +10."
HTD-38,Steel Crew,,Home Team Discount,,,0,,1,"For every Hero with a Steel weapon you've used in all Battles so far, your Hero gets +10."
HTD-39,Fire Crew,,Home Team Discount,,,0,,2,"For every Hero with a Fire weapon you've used in all Battles so far, your Hero gets +10."
HTD-40,Blind Substitution,,Home Team Discount,,,0,,2,Discard your Hero. Replace it with the top card of your Hero Deck.
HTD-41,Frost-Hardened,,Home Team Discount,,,0,,0,"For the rest of the game, if your Hero has a Steel weapon, it changes to an Ice weapon."
HTD-42,Nasty Or Nada,,Home Team Discount,,,0,,0,Roll a dice 3 times. Your Hero gets +30 if you roll a 6.
HTD-43,Molten Steel,,Home Team Discount,,,0,,0,"For the rest of the game, if your Hero has a Steel weapon, it changes to a Fire weapon."
HTD-44,Forced Retreat,,Home Team Discount,,,0,,1,"Your opponent must Discard their current Hero, and replace it with one from their hand."
HTD-45,Burning Fever,,Home Team Discount,,,0,,1,"If your Hero has a Fire weapon, it can't drop below its current Power."
HTD-46,Frozen Resolve,,Home Team Discount,,,0,,1,"If your Hero has an Ice weapon, it can't drop below its current Power."
HTD-47,Forced Substitution,,Home Team Discount,,,0,,2,Your opponent must pay 2 Hot Dogs and Substitute next Battle.
HTD-48,Brothers In Arms,,Home Team Discount,,,0,,1,"If your opponent has played a Hero with the same weapon type as yours, your Hero gets +20."
HTD-49,Cursed Coin,,Home Team Discount,,,0,,1,Flip a coin 3 times; opponent's Hero gets -10 each time the coin lands on heads.
HTD-50,Fire Extinguisher,,Home Team Discount,,,0,,1,"If your opponent's Hero has a Fire weapon, give it -20."
HTD-51,Ice Pick,,Home Team Discount,,,0,,1,"If your opponent's Hero has an Ice weapon, give it -20."
HTD-52,Stain-Less-Steel,,Home Team Discount,,,0,,1,"If your opponent's Hero has a Steel weapon, give it -15."
HTD-53,Roster Cuts,,Home Team Discount,,,0,,2,Discard the top 3 Heroes of your Hero Deck.
HTD-54,Ice Climber,,Home Team Discount,,,0,,1,"If your Hero has an Ice weapon and your opponent has Steel, your Hero gets +35."
HTD-55,Smitty,,Home Team Discount,,,0,,1,"If your Hero has a Fire weapon and your opponent has Steel, your Hero gets +35."
HTD-56,Last-Minute Re-Org,,Home Team Discount,,,0,,2,Swap your Hero with another one of your face-down Heroes from a future Battle.
HTD-57,Over Under,,Home Team Discount,,,0,,1,Send 2 Heroes from your hand to your Discard Pile. Draw 1 Play and 1 Hero.
HTD-58,Radiant Comeback,,Home Team Discount,,,0,,1,Swap your Hero with a Glow weapon Hero in your Discard Pile.
HTD-59,Icy Comeback,,Home Team Discount,,,0,,1,Swap your Hero with an Ice weapon Hero in your Discard Pile.
HTD-60,Fire Comeback,,Home Team Discount,,,0,,1,Swap your Hero with a Fire weapon Hero in your Discard Pile.
HD-1,Dirty Water Dan,,Hot Dog,,,0,,0,
HD-2,Grillbert,,Hot Dog,,,0,,0,
HD-3,Sammy Sausage,,Hot Dog,,,0,,0,
HD-4,Dijon Don,,Hot Dog,,,0,,0,
HD-5,Coney Carl,,Hot Dog,,,0,,0,
HD-6,Wurst Wayne,,Hot Dog,,,0,,0,
HD-7,Mustard Man,,Hot Dog,,,0,,0,
HD-8,Pickle Pete,,Hot Dog,,,0,,0,
HD-9,Brat Wurst,,Hot Dog,,,0,,0,
HD-10,Frank,,Hot Dog,,,0,,0,
HD-11,Willy B,,Hot Dog,,,0,,0,
HD-12,Vincent Van Dough,,Hot Dog,,,0,,0,
HD-13,Twirly Girl,,Hot Dog,,,0,,0,
HD-14,Steamer Stan,,Hot Dog,,,0,,0,
HD-15,Sandi Skillet,,Hot Dog,,,0,,0,
HD-16,Sherlock,,Hot Dog,,,0,,0,
HD-17,Matty Matador,,Hot Dog,,,0,,0,
HD-18,Susie Sauce,,Hot Dog,,,0,,0,
HD-19,Scotty Skates,,Hot Dog,,,0,,0,
HD-20,Becky Birddog,,Hot Dog,,,0,,0,
HD-21,King Ketchup,,Hot Dog,,,0,,0,
HD-22,Laura Links,,Hot Dog,,,0,,0,
HD-23,Hotshot Hank,,Hot Dog,,,0,,0,
HD-24,Hoopie,,Hot Dog,,,0,,0,
HD-25,Glitzy,,Hot Dog,,,0,,0,
HD-26,Dr. Furter,,Hot Dog,,,0,,0,
HD-27,Chedda,,Hot Dog,,,0,,0,
HD-28,Brenda Bunsen,,Hot Dog,,,0,,0,
HD-29,Brawler,,Hot Dog,,,0,,0,
HD-30,Rollerboard Rob,,Hot Dog,,,0,,0,